,TFIDF1
mlp,0.0018441477211847497
ncf,0.001807987961945833
mf,0.001374070851078833
ltering,0.0012655915733620832
implicit,0.0012294318141231665
yui,0.00119327205488425
feedback,0.0011571122956453332
gmf,0.0011209525364064164
interaction,0.001048633017928583
neumf,0.0009763134994507498
ndcg,0.0008316744624950833
hr,0.0007593549440172498
movielens,0.0006508756663004999
collaborative,0.0006153138980108465
modelling,0.0006147159070615832
item,0.0006003062419618015
bpr,0.0005785561478226666
useritem,0.0005423963885837499
pinterest,0.0005423963885837499
qi,0.0005423963885837499
inner,0.0005062366293448333
pretraining,0.0005062366293448333
deep,0.0004352220254223061
dnns,0.0004339171108669999
layer,0.0003751914012261259
layers,0.0003751914012261259
pu,0.0003615975923891666
negative,0.00033016843307899084
eals,0.00032543783315024994
multilayer,0.00032543783315024994
interactions,0.00030015312098090075
instances,0.0002892780739113333
dierent,0.0002892780739113333
rst,0.0002892780739113333
cdae,0.0002892780739113333
features,0.0002851454649318557
autoencoders,0.00025311831467241663
machines,0.00025311831467241663
eectiveness,0.00025311831467241663
singapore,0.00025311831467241663
log,0.00022511484073567555
recommendatio,0.00021695855543349995
rq,0.00021695855543349995
positive,0.00021695855543349995
limitation,0.00021695855543349995
hidden,0.00021010718468663053
sampling,0.00021010718468663053
cf,0.00021010718468663053
denoising,0.0001807987961945833
perceptron,0.0001807987961945833
identity,0.0001807987961945833
binary,0.0001807987961945833
rendle,0.0001807987961945833
whether,0.0001807987961945833
nonlinear,0.0001807987961945833
chua,0.0001807987961945833
ts,0.0001807987961945833
my,0.0001807987961945833
kan,0.0001807987961945833
missing,0.0001807987961945833
seen,0.0001807987961945833
pairwise,0.00018009187258854044
ratings,0.00016508421653949542
recommender,0.00015007656049045038
explicit,0.00015007656049045038
factorspinterestitemknnbprealsgmfmlpneumf,0.00014463903695566664
itempop,0.00014463903695566664
her,0.00014463903695566664
choice,0.00014463903695566664
formulated,0.00014463903695566664
combining,0.00014463903695566664
xed,0.00014463903695566664
multimodal,0.00014463903695566664
overtting,0.00014463903695566664
lastly,0.00014463903695566664
icdm,0.00014463903695566664
short,0.00014463903695566664
pretrained,0.00014463903695566664
iterationmovielensgmfmlpneumf,0.00014463903695566664
towards,0.00014463903695566664
boltzmann,0.00014463903695566664
lp,0.00014463903695566664
benecial,0.00014463903695566664
ntn,0.00014463903695566664
uiy,0.00014463903695566664
contentbased,0.00014463903695566664
aout,0.00014463903695566664
special,0.00014463903695566664
pointwise,0.00013506890444140533
under,0.00013506890444140533
ranking,0.00013506890444140533
predictive,0.0001200612483923603
ratio,0.0001200612483923603
unobserved,0.0001200612483923603
signicantly,0.00010847927771674998
eect,0.00010847927771674998
tensor,0.00010847927771674998
applies,0.00010847927771674998
consistent,0.00010847927771674998
improved,0.00010847927771674998
simply,0.00010847927771674998
combines,0.00010847927771674998
denoting,0.00010847927771674998
least,0.00010847927771674998
dene,0.00010847927771674998
nonlinearities,0.00010847927771674998
ecient,0.00010847927771674998
underperforms,0.00010847927771674998
qt,0.00010847927771674998
fu,0.00010847927771674998
collaborativ,0.00010847927771674998
capability,0.00010847927771674998
optimizes,0.00010847927771674998
scratch,0.00010847927771674998
initialization,0.00010847927771674998
illustrates,0.00010847927771674998
classication,0.00010847927771674998
modelbased,0.00010847927771674998
omitted,0.00010847927771674998
sgd,0.00010847927771674998
factorsmovielensitemknnbprealsgmfmlpneumf,0.00010847927771674998
neighborbased,0.00010847927771674998
entry,0.00010847927771674998
yuj,0.00010847927771674998
hm,0.00010847927771674998
leave,0.00010847927771674998
recover,0.00010847927771674998
mm,0.00010847927771674998
interacted,0.00010847927771674998
concatenating,0.00010847927771674998
itemitem,0.00010847927771674998
personalization,0.00010847927771674998
eective,0.00010847927771674998
endow,0.00010847927771674998
relevant,0.00010847927771674998
tanh,0.00010847927771674998
dened,0.00010847927771674998
combine,0.00010847927771674998
nonlinearity,0.00010847927771674998
musics,0.00010847927771674998
randomly,0.00010847927771674998
itemknn,0.00010847927771674998
performanc,0.00010847927771674998
multiview,0.00010847927771674998
observed,0.00010505359234331527
widely,0.00010505359234331527
feature,0.00010505359234331527
adam,0.00010505359234331527
image,0.00010505359234331527
www,0.00010505359234331527
literature,0.00010505359234331527
nips,9.004593629427022e-05
entries,9.004593629427022e-05
wrt,9.004593629427022e-05
architecture,9.004593629427022e-05
visual,9.004593629427022e-05
generic,9.004593629427022e-05
activation,9.004593629427022e-05
personalized,7.503828024522519e-05
explore,7.503828024522519e-05
rather,7.503828024522519e-05
sigir,7.503828024522519e-05
followed,7.503828024522519e-05
iterations,7.503828024522519e-05
relu,7.503828024522519e-05
sigmoid,7.503828024522519e-05
eg,7.503828024522519e-05
eort,7.231951847783332e-05
oneclass,7.231951847783332e-05
withou,7.231951847783332e-05
kkmovielensitempopitemknnbprealsneumf,7.231951847783332e-05
mention,7.231951847783332e-05
hgm,7.231951847783332e-05
judged,7.231951847783332e-05
closest,7.231951847783332e-05
kkpinterestitempopitemknnbprealsneumf,7.231951847783332e-05
modelled,7.231951847783332e-05
hyperparameter,7.231951847783332e-05
promising,7.231951847783332e-05
hrk,7.231951847783332e-05
facto,7.231951847783332e-05
vanilla,7.231951847783332e-05
ndcgk,7.231951847783332e-05
momentum,7.231951847783332e-05
what,7.231951847783332e-05
utility,7.231951847783332e-05
closer,7.231951847783332e-05
questions,7.231951847783332e-05
bayesian,7.231951847783332e-05
necessity,7.231951847783332e-05
nonpersonalized,7.231951847783332e-05
proven,7.231951847783332e-05
luan,7.231951847783332e-05
interactio,7.231951847783332e-05
dedicated,7.231951847783332e-05
laten,7.231951847783332e-05
slim,7.231951847783332e-05
xth,7.231951847783332e-05
signal,7.231951847783332e-05
karypis,7.231951847783332e-05
weak,7.231951847783332e-05
likelihood,7.231951847783332e-05
topn,7.231951847783332e-05
pt,7.231951847783332e-05
mnih,7.231951847783332e-05
uai,7.231951847783332e-05
schmidtthieme,7.231951847783332e-05
gantner,7.231951847783332e-05
freudenthaler,7.231951847783332e-05
neumfs,7.231951847783332e-05
tweak,7.231951847783332e-05
pinteres,7.231951847783332e-05
actually,7.231951847783332e-05
jective,7.231951847783332e-05
stateofthear,7.231951847783332e-05
scarcity,7.231951847783332e-05
employing,7.231951847783332e-05
wellknown,7.231951847783332e-05
ob,7.231951847783332e-05
ujy,7.231951847783332e-05
ect,7.231951847783332e-05
ranges,7.231951847783332e-05
interpreted,7.231951847783332e-05
ui,7.231951847783332e-05
level,7.231951847783332e-05
bias,7.231951847783332e-05
par,7.231951847783332e-05
intentionally,7.231951847783332e-05
icml,7.231951847783332e-05
videos,7.231951847783332e-05
ordinal,7.231951847783332e-05
your,7.231951847783332e-05
instantiations,7.231951847783332e-05
concatenate,7.231951847783332e-05
evidence,7.231951847783332e-05
adversely,7.231951847783332e-05
hurt,7.231951847783332e-05
tao,7.231951847783332e-05
deeper,7.231951847783332e-05
received,7.231951847783332e-05
coordinate,7.231951847783332e-05
liang,7.231951847783332e-05
expressiveness,7.231951847783332e-05
generalization,7.231951847783332e-05
insucient,7.231951847783332e-05
shares,7.231951847783332e-05
neura,7.231951847783332e-05
spirit,7.231951847783332e-05
elementwise,7.231951847783332e-05
tower,7.231951847783332e-05
exibility,7.231951847783332e-05
lzl,7.231951847783332e-05
pure,7.231951847783332e-05
dashed,7.231951847783332e-05
jaccard,7.231951847783332e-05
rectier,7.231951847783332e-05
scoretargettraining,7.231951847783332e-05
binarized,7.231951847783332e-05
transforming,7.231951847783332e-05
onehot,7.231951847783332e-05
bases,7.231951847783332e-05
bl,7.231951847783332e-05
useru,7.231951847783332e-05
yields,7.231951847783332e-05
realworld,7.231951847783332e-05
autorec,7.231951847783332e-05
scrutiny,7.231951847783332e-05
autoencoder,7.231951847783332e-05
signicant,7.231951847783332e-05
implies,7.231951847783332e-05
devised,7.231951847783332e-05
resorted,7.231951847783332e-05
acoustic,7.231951847783332e-05
expressive,7.231951847783332e-05
hong,7.231951847783332e-05
koren,7.231951847783332e-05
exible,7.231951847783332e-05
ecommerce,7.231951847783332e-05
treatment,7.231951847783332e-05
varying,7.231951847783332e-05
auxiliar,7.231951847783332e-05
uniform,7.231951847783332e-05
regression,7.231951847783332e-05
customized,7.231951847783332e-05
primarily,7.231951847783332e-05
extension,7.231951847783332e-05
initializations,7.231951847783332e-05
determines,7.231951847783332e-05
ratios,7.231951847783332e-05
nd,7.231951847783332e-05
adopts,7.231951847783332e-05
margin,7.231951847783332e-05
pathways,7.231951847783332e-05
bordes,7.231951847783332e-05
gm,7.231951847783332e-05
embeddin,7.231951847783332e-05
speech,7.231951847783332e-05
stacking,7.231951847783332e-05
classicationaware,7.231951847783332e-05
neurons,7.231951847783332e-05
certain,7.231951847783332e-05
linearity,7.231951847783332e-05
numberofnegativespinterestneumfgmfmlpbpr,7.231951847783332e-05
numberofnegativesmovielensneumfgmfmlpbpr,7.231951847783332e-05
range,7.231951847783332e-05
general,6.003062419618015e-05
structures,6.003062419618015e-05
filtering,6.003062419618015e-05
generalized,6.003062419618015e-05
focus,6.003062419618015e-05
address,6.003062419618015e-05
multimedia,6.003062419618015e-05
generalize,6.003062419618015e-05
list,6.003062419618015e-05
known,6.003062419618015e-05
vu,6.003062419618015e-05
term,6.003062419618015e-05
adopted,6.003062419618015e-05
ranked,6.003062419618015e-05
investigated,6.003062419618015e-05
content,6.003062419618015e-05
structure,6.003062419618015e-05
web,6.003062419618015e-05
online,6.003062419618015e-05
wide,6.003062419618015e-05
optimal,6.003062419618015e-05
squared,6.003062419618015e-05
recently,6.003062419618015e-05
hu,6.003062419618015e-05
salakhutdinov,6.003062419618015e-05
among,6.003062419618015e-05
improvements,6.003062419618015e-05
might,6.003062419618015e-05
inputs,6.003062419618015e-05
popular,6.003062419618015e-05
sample,6.003062419618015e-05
updates,4.502296814713511e-05
aim,4.502296814713511e-05
performing,4.502296814713511e-05
thus,4.502296814713511e-05
ie,4.502296814713511e-05
trained,4.502296814713511e-05
either,4.502296814713511e-05
learnt,4.502296814713511e-05
caused,4.502296814713511e-05
idea,4.502296814713511e-05
samples,4.502296814713511e-05
nature,4.502296814713511e-05
re,4.502296814713511e-05
contextaware,4.502296814713511e-05
assuming,4.502296814713511e-05
limit,4.502296814713511e-05
similarity,4.502296814713511e-05
mean,4.502296814713511e-05
indicates,4.502296814713511e-05
being,4.502296814713511e-05
vi,4.502296814713511e-05
indicating,4.502296814713511e-05
obtained,4.502296814713511e-05
compared,4.502296814713511e-05
yang,4.502296814713511e-05
popularity,4.502296814713511e-05
authors,4.502296814713511e-05
improvement,4.502296814713511e-05
kdd,4.502296814713511e-05
bengio,4.502296814713511e-05
still,4.502296814713511e-05
focused,4.502296814713511e-05
relatively,4.502296814713511e-05
simple,4.502296814713511e-05
groups,4.502296814713511e-05
recognition,4.502296814713511e-05
zl,3.615975923891666e-05
hyperbolic,3.615975923891666e-05
freely,3.615975923891666e-05
hypergraph,3.615975923891666e-05
sense,3.615975923891666e-05
reconstructing,3.615975923891666e-05
ax,3.615975923891666e-05
aw,3.615975923891666e-05
daebased,3.615975923891666e-05
node,3.615975923891666e-05
bx,3.615975923891666e-05
alwl,3.615975923891666e-05
wx,3.615975923891666e-05
activat,3.615975923891666e-05
plugs,3.615975923891666e-05
svd,3.615975923891666e-05
exposure,3.615975923891666e-05
explain,3.615975923891666e-05
unifying,3.615975923891666e-05
developing,3.615975923891666e-05
guideline,3.615975923891666e-05
serve,3.615975923891666e-05
tian,3.615975923891666e-05
understanding,3.615975923891666e-05
worlds,3.615975923891666e-05
virtual,3.615975923891666e-05
blooming,3.615975923891666e-05
componen,3.615975923891666e-05
app,3.615975923891666e-05
distinct,3.615975923891666e-05
learnin,3.615975923891666e-05
publicized,3.615975923891666e-05
dieren,3.615975923891666e-05
intensively,3.615975923891666e-05
nie,3.615975923891666e-05
entitie,3.615975923891666e-05
powerful,3.615975923891666e-05
concatenation,3.615975923891666e-05
tangent,3.615975923891666e-05
twopathway,3.615975923891666e-05
rich,3.615975923891666e-05
hua,3.615975923891666e-05
halving,3.615975923891666e-05
wellsuited,3.615975923891666e-05
unsee,3.615975923891666e-05
avoid,3.615975923891666e-05
turn,3.615975923891666e-05
reconstruct,3.615975923891666e-05
rbms,3.615975923891666e-05
widest,3.615975923891666e-05
premise,3.615975923891666e-05
anchor,3.615975923891666e-05
fusion,3.615975923891666e-05
mainstream,3.615975923891666e-05
twolayer,3.615975923891666e-05
pioneer,3.615975923891666e-05
achieving,3.615975923891666e-05
icd,3.615975923891666e-05
arises,3.615975923891666e-05
fuse,3.615975923891666e-05
mfuservectormfitemlayer,3.615975923891666e-05
uiyuimlpuservectormlpwise,3.615975923891666e-05
productconcatenationmlploss,3.615975923891666e-05
daes,3.615975923891666e-05
activations,3.615975923891666e-05
nonsaturated,3.615975923891666e-05
corrupted,3.615975923891666e-05
crossdomain,3.615975923891666e-05
positiveonly,3.615975923891666e-05
analyz,3.615975923891666e-05
restricts,3.615975923891666e-05
neuron,3.615975923891666e-05
suer,3.615975923891666e-05
saturation,3.615975923891666e-05
stop,3.615975923891666e-05
reranking,3.615975923891666e-05
though,3.615975923891666e-05
alleviates,3.615975923891666e-05
sigmoi,3.615975923891666e-05
extent,3.615975923891666e-05
rescaled,3.615975923891666e-05
tanhx,3.615975923891666e-05
lent,3.615975923891666e-05
opt,3.615975923891666e-05
biologically,3.615975923891666e-05
plausibl,3.615975923891666e-05
complements,3.615975923891666e-05
consistency,3.615975923891666e-05
variant,3.615975923891666e-05
yjp,3.615975923891666e-05
logarithm,3.615975923891666e-05
xx,3.615975923891666e-05
unied,3.615975923891666e-05
collobert,3.615975923891666e-05
ispir,3.615975923891666e-05
chai,3.615975923891666e-05
stochasti,3.615975923891666e-05
anderson,3.615975923891666e-05
aradhye,3.615975923891666e-05
shen,3.615975923891666e-05
chandra,3.615975923891666e-05
shaked,3.615975923891666e-05
harmsen,3.615975923891666e-05
careful,3.615975923891666e-05
readers,3.615975923891666e-05
koc,3.615975923891666e-05
realize,3.615975923891666e-05
crossentropy,3.615975923891666e-05
predicting,3.615975923891666e-05
elkahky,3.615975923891666e-05
py,3.615975923891666e-05
multirelational,3.615975923891666e-05
cross,3.615975923891666e-05
explainable,3.615975923891666e-05
pays,3.615975923891666e-05
reviewaware,3.615975923891666e-05
trirank,3.615975923891666e-05
cvpr,3.615975923891666e-05
aistats,3.615975923891666e-05
glorot,3.615975923891666e-05
view,3.615975923891666e-05
iccv,3.615975923891666e-05
naming,3.615975923891666e-05
explanation,3.615975923891666e-05
bian,3.615975923891666e-05
probit,3.615975923891666e-05
geng,3.615975923891666e-05
unsupervised,3.615975923891666e-05
manzagol,3.615975923891666e-05
courville,3.615975923891666e-05
yy,3.615975923891666e-05
erhan,3.615975923891666e-05
tweet,3.615975923891666e-05
commentbased,3.615975923891666e-05
shallow,3.615975923891666e-05
hashing,3.615975923891666e-05
recurren,3.615975923891666e-05
dubois,3.615975923891666e-05
anothe,3.615975923891666e-05
richer,3.615975923891666e-05
id,3.615975923891666e-05
community,3.615975923891666e-05
aoutht,3.615975923891666e-05
interestin,3.615975923891666e-05
particularly,3.615975923891666e-05
hybrid,3.615975923891666e-05
primaril,3.615975923891666e-05
enforce,3.615975923891666e-05
learners,3.615975923891666e-05
unifor,3.615975923891666e-05
possibilities,3.615975923891666e-05
exactly,3.615975923891666e-05
stinchcombe,3.615975923891666e-05
avenue,3.615975923891666e-05
opening,3.615975923891666e-05
family,3.615975923891666e-05
providing,3.615975923891666e-05
translating,3.615975923891666e-05
acknowledgement,3.615975923891666e-05
yakhnenko,3.615975923891666e-05
rarely,3.615975923891666e-05
garciaduran,3.615975923891666e-05
usunier,3.615975923891666e-05
uniformly,3.615975923891666e-05
kanagal,3.615975923891666e-05
bayer,3.615975923891666e-05
revision,3.615975923891666e-05
thoughts,3.615975923891666e-05
nonunifor,3.615975923891666e-05
popularitybiased,3.615975923891666e-05
wy,3.615975923891666e-05
valuabl,3.615975923891666e-05
extensively,3.615975923891666e-05
reviewers,3.615975923891666e-05
wsdm,3.615975923891666e-05
anonymous,3.615975923891666e-05
mimic,3.615975923891666e-05
thank,3.615975923891666e-05
hornik,3.615975923891666e-05
useriterm,3.615975923891666e-05
mutually,3.615975923891666e-05
evaluating,3.615975923891666e-05
fusing,3.615975923891666e-05
substantially,3.615975923891666e-05
sarwar,3.615975923891666e-05
transformed,3.615975923891666e-05
multifaceted,3.615975923891666e-05
implici,3.615975923891666e-05
marked,3.615975923891666e-05
differenc,3.615975923891666e-05
highlight,3.615975923891666e-05
sizes,3.615975923891666e-05
determine,3.615975923891666e-05
httpgrouplensorgdatasetsmovielensm,3.615975923891666e-05
equally,3.615975923891666e-05
contribute,3.615975923891666e-05
httpssitesgooglecomsitexueatalphabeta,3.615975923891666e-05
academicprojects,3.615975923891666e-05
kawale,3.615975923891666e-05
noting,3.615975923891666e-05
minibatch,3.615975923891666e-05
collaborativefiltering,3.615975923891666e-05
konstan,3.615975923891666e-05
quite,3.615975923891666e-05
meets,3.615975923891666e-05
predictiv,3.615975923891666e-05
statistically,3.615975923891666e-05
completion,3.615975923891666e-05
verifying,3.615975923891666e-05
reasoning,3.615975923891666e-05
ttests,3.615975923891666e-05
paired,3.615975923891666e-05
ng,3.615975923891666e-05
onesample,3.615975923891666e-05
demonstrates,3.615975923891666e-05
accessible,3.615975923891666e-05
gure,3.615975923891666e-05
admitting,3.615975923891666e-05
suers,3.615975923891666e-05
characteristics,3.615975923891666e-05
meet,3.615975923891666e-05
sanner,3.615975923891666e-05
menon,3.615975923891666e-05
sedhain,3.615975923891666e-05
riedl,3.615975923891666e-05
httpsgithubcomhexiangnanneural,3.615975923891666e-05
keras,3.615975923891666e-05
performer,3.615975923891666e-05
cumulative,3.615975923891666e-05
nonuniformly,3.615975923891666e-05
treating,3.615975923891666e-05
equatio,3.615975923891666e-05
blei,3.615975923891666e-05
reporting,3.615975923891666e-05
tailored,3.615975923891666e-05
normalize,3.615975923891666e-05
discounted,3.615975923891666e-05
adapt,3.615975923891666e-05
tresp,3.615975923891666e-05
dierence,3.615975923891666e-05
benchmark,3.615975923891666e-05
tally,3.615975923891666e-05
baselines,3.615975923891666e-05
ranks,3.615975923891666e-05
truncated,3.615975923891666e-05
assigning,3.615975923891666e-05
murphy,3.615975923891666e-05
measures,3.615975923891666e-05
nickel,3.615975923891666e-05
uniformweighting,3.615975923891666e-05
wmf,3.615975923891666e-05
repor,3.615975923891666e-05
gabrilovich,3.615975923891666e-05
pin,3.615975923891666e-05
dicult,3.615975923891666e-05
ltered,3.615975923891666e-05
retained,3.615975923891666e-05
marginalized,3.615975923891666e-05
pins,3.615975923891666e-05
charlin,3.615975923891666e-05
subset,3.615975923891666e-05
mcinerney,3.615975923891666e-05
ning,3.615975923891666e-05
pinned,3.615975923891666e-05
wmfs,3.615975923891666e-05
own,3.615975923891666e-05
board,3.615975923891666e-05
protocols,3.615975923891666e-05
leaveoneout,3.615975923891666e-05
heldout,3.615975923891666e-05
remaining,3.615975923891666e-05
review,3.615975923891666e-05
nding,3.615975923891666e-05
owing,3.615975923891666e-05
reinforce,3.615975923891666e-05
starts,3.615975923891666e-05
discussed,3.615975923891666e-05
dub,3.615975923891666e-05
verify,3.615975923891666e-05
improvemen,3.615975923891666e-05
encouraging,3.615975923891666e-05
curious,3.615975923891666e-05
derivativ,3.615975923891666e-05
backpropagation,3.615975923891666e-05
aggressively,3.615975923891666e-05
nonconvexity,3.615975923891666e-05
importan,3.615975923891666e-05
advantag,3.615975923891666e-05
gradientbased,3.615975923891666e-05
lossiterationmovielensgmfmlpneumf,3.615975923891666e-05
betters,3.615975923891666e-05
uence,3.615975923891666e-05
insufcien,3.615975923891666e-05
locallyoptimal,3.615975923891666e-05
exibly,3.615975923891666e-05
solutions,3.615975923891666e-05
stackin,3.615975923891666e-05
alwlalawu,3.615975923891666e-05
aect,3.615975923891666e-05
veries,3.615975923891666e-05
accounts,3.615975923891666e-05
straightforward,3.615975923891666e-05
tailor,3.615975923891666e-05
always,3.615975923891666e-05
insight,3.615975923891666e-05
practical,3.615975923891666e-05
white,3.615975923891666e-05
specically,3.615975923891666e-05
onelayer,3.615975923891666e-05
hapu,3.615975923891666e-05
yeung,3.615975923891666e-05
universal,3.615975923891666e-05
approximators,3.615975923891666e-05
increasingl,3.615975923891666e-05
neighbors,3.615975923891666e-05
argument,3.615975923891666e-05
schrauwen,3.615975923891666e-05
dieleman,3.615975923891666e-05
separate,3.615975923891666e-05
optimizin,3.615975923891666e-05
rationality,3.615975923891666e-05
momentumbased,3.615975923891666e-05
parame,3.615975923891666e-05
rameters,3.615975923891666e-05
resul,3.615975923891666e-05
relieves,3.615975923891666e-05
recommendin,3.615975923891666e-05
pain,3.615975923891666e-05
modelin,3.615975923891666e-05
strub,3.615975923891666e-05
worst,3.615975923891666e-05
feeding,3.615975923891666e-05
ters,3.615975923891666e-05
venkatesh,3.615975923891666e-05
learner,3.615975923891666e-05
save,3.615975923891666e-05
rankingaware,3.615975923891666e-05
properly,3.615975923891666e-05
ini,3.615975923891666e-05
tialize,3.615975923891666e-05
forgo,3.615975923891666e-05
saving,3.615975923891666e-05
unsuitable,3.615975923891666e-05
infrequent,3.615975923891666e-05
frequent,3.615975923891666e-05
justies,3.615975923891666e-05
workshop,3.615975923891666e-05
empirica,3.615975923891666e-05
phung,3.615975923891666e-05
ndings,3.615975923891666e-05
lowest,3.615975923891666e-05
degrades,3.615975923891666e-05
keeps,3.615975923891666e-05
trainin,3.615975923891666e-05
truyen,3.615975923891666e-05
overt,3.615975923891666e-05
occurred,3.615975923891666e-05
tradeoff,3.615975923891666e-05
volinsky,3.615975923891666e-05
viewing,3.615975923891666e-05
cast,3.615975923891666e-05
adaptive,3.615975923891666e-05
moment,3.615975923891666e-05
initializing,3.615975923891666e-05
usefulness,3.615975923891666e-05
adapts,3.615975923891666e-05
shifting,3.615975923891666e-05
identifying,3.615975923891666e-05
watching,3.615975923891666e-05
ppppp,3.615975923891666e-05
expres,3.615975923891666e-05
formally,3.615975923891666e-05
whose,3.615975923891666e-05
abstracted,3.615975923891666e-05
conside,3.615975923891666e-05
supercharge,3.615975923891666e-05
plotted,3.615975923891666e-05
ij,3.615975923891666e-05
uuuuiiiiiitemsusers,3.615975923891666e-05
hindered,3.615975923891666e-05
figur,3.615975923891666e-05
expressed,3.615975923891666e-05
mfs,3.615975923891666e-05
modellin,3.615975923891666e-05
followe,3.615975923891666e-05
placing,3.615975923891666e-05
groundtruth,3.615975923891666e-05
coecient,3.615975923891666e-05
generality,3.615975923891666e-05
extendin,3.615975923891666e-05
incurring,3.615975923891666e-05
uiyuipmkpukfigure,3.615975923891666e-05
underlying,3.615975923891666e-05
meaning,3.615975923891666e-05
networkbased,3.615975923891666e-05
options,3.615975923891666e-05
handcraft,3.615975923891666e-05
emphasize,3.615975923891666e-05
elaboratin,3.615975923891666e-05
factorizatio,3.615975923891666e-05
supports,3.615975923891666e-05
explores,3.615975923891666e-05
likes,3.615975923891666e-05
necessarily,3.615975923891666e-05
resolve,3.615975923891666e-05
aware,3.615975923891666e-05
poses,3.615975923891666e-05
comple,3.615975923891666e-05
sucient,3.615975923891666e-05
estimat,3.615975923891666e-05
trivial,3.615975923891666e-05
estimating,3.615975923891666e-05
incur,3.615975923891666e-05
unfortunately,3.615975923891666e-05
unobserve,3.615975923891666e-05
named,3.615975923891666e-05
lines,3.615975923891666e-05
userlatentvectoritemlayerlayerx,3.615975923891666e-05
enhancing,3.615975923891666e-05
embeddinglayerneuralcflayersoutputlayer,3.615975923891666e-05
deemed,3.615975923891666e-05
behaviours,3.615975923891666e-05
absence,3.615975923891666e-05
creative,3.615975923891666e-05
commons,3.615975923891666e-05
havin,3.615975923891666e-05
cc,3.615975923891666e-05
twoway,3.615975923891666e-05
overload,3.615975923891666e-05
license,3.615975923891666e-05
pukqik,3.615975923891666e-05
april,3.615975923891666e-05
alleviating,3.615975923891666e-05
ijp,3.615975923891666e-05
estimates,3.615975923891666e-05
perth,3.615975923891666e-05
realvalued,3.615975923891666e-05
maximizes,3.615975923891666e-05
moving,3.615975923891666e-05
pivotal,3.615975923891666e-05
explosion,3.615975923891666e-05
era,3.615975923891666e-05
news,3.615975923891666e-05
iwc,3.615975923891666e-05
devoted,3.615975923891666e-05
committee,3.615975923891666e-05
inputlayersparse,3.615975923891666e-05
prize,3.615975923891666e-05
ix,3.615975923891666e-05
oers,3.615975923891666e-05
popularized,3.615975923891666e-05
keywords,3.615975923891666e-05
angle,3.615975923891666e-05
projects,3.615975923891666e-05
paradigm,3.615975923891666e-05
prime,3.615975923891666e-05
ministers,3.615975923891666e-05
equivalently,3.615975923891666e-05
oce,3.615975923891666e-05
objectiv,3.615975923891666e-05
ircsg,3.615975923891666e-05
funding,3.615975923891666e-05
initiative,3.615975923891666e-05
clicks,3.615975923891666e-05
beforehand,3.615975923891666e-05
abundant,3.615975923891666e-05
minimizin,3.615975923891666e-05
rmn,3.615975923891666e-05
parameterize,3.615975923891666e-05
propos,3.615975923891666e-05
jp,3.615975923891666e-05
qvi,3.615975923891666e-05
tatseng,3.615975923891666e-05
fpvu,3.615975923891666e-05
ti,3.615975923891666e-05
tu,3.615975923891666e-05
ncfs,3.615975923891666e-05
chuashandong,3.615975923891666e-05
texas,3.615975923891666e-05
formalizing,3.615975923891666e-05
marginbased,3.615975923891666e-05
satisfaction,3.615975923891666e-05
nieliqianggmailcom,3.615975923891666e-05
aforementioned,3.615975923891666e-05
hucsetamuedu,3.615975923891666e-05
dcsctsnusedusg,3.615975923891666e-05
central,3.615975923891666e-05
instantiation,3.615975923891666e-05
fed,3.615975923891666e-05
theme,3.615975923891666e-05
csir,3.615975923891666e-05
aug,3.615975923891666e-05
niexia,3.615975923891666e-05
rmk,3.615975923891666e-05
jects,3.615975923891666e-05
rnk,3.615975923891666e-05
xiangnan,3.615975923891666e-05
ects,3.615975923891666e-05
helizi,3.615975923891666e-05
explained,3.615975923891666e-05
liao,3.615975923891666e-05
hanwang,3.615975923891666e-05
indirectly,3.615975923891666e-05
wui,3.615975923891666e-05
clicking,3.615975923891666e-05
wuiyui,3.615975923891666e-05
columbia,3.615975923891666e-05
lsqr,3.615975923891666e-05
tracked,3.615975923891666e-05
xiangnanhegmailcom,3.615975923891666e-05
liaolizillzgmailcom,3.615975923891666e-05
collect,3.615975923891666e-05
hanwangzhanggmailcom,3.615975923891666e-05
providers,3.615975923891666e-05
liqiang,3.615975923891666e-05
outx,3.615975923891666e-05
fpt,3.615975923891666e-05
dense,3.615975923891666e-05
addresses,3.615975923891666e-05
yielded,3.615975923891666e-05
jrijjrj,3.615975923891666e-05
vast,3.615975923891666e-05
jrijjrjj,3.615975923891666e-05
promise,3.615975923891666e-05
immense,3.615975923891666e-05
basis,3.615975923891666e-05
formalize,3.615975923891666e-05
ranging,3.615975923891666e-05
domains,3.615975923891666e-05
recentl,3.615975923891666e-05
shortly,3.615975923891666e-05
approximating,3.615975923891666e-05
capable,3.615975923891666e-05
recapitulate,3.615975923891666e-05
highlightin,3.615975923891666e-05
descriptions,3.615975923891666e-05
comes,3.615975923891666e-05
permit,3.615975923891666e-05
strengths,3.615975923891666e-05
unie,3.615975923891666e-05
sij,3.615975923891666e-05
ru,3.615975923891666e-05
devise,3.615975923891666e-05
specialization,3.615975923891666e-05
recommenderpdf,3.615975923891666e-05
httpalexsmolaorgteachingberkeleyslides,3.615975923891666e-05
success,3.615975923891666e-05
genera,3.615975923891666e-05
mostly,3.615975923891666e-05
strive,3.615975923891666e-05
images,3.0015312098090074e-05
tested,3.0015312098090074e-05
otherwise,3.0015312098090074e-05
done,3.0015312098090074e-05
automatically,3.0015312098090074e-05
itembased,3.0015312098090074e-05
role,3.0015312098090074e-05
noisy,3.0015312098090074e-05
minimizing,3.0015312098090074e-05
notations,3.0015312098090074e-05
optimize,3.0015312098090074e-05
reviews,3.0015312098090074e-05
signals,3.0015312098090074e-05
baseline,3.0015312098090074e-05
rated,3.0015312098090074e-05
challenging,3.0015312098090074e-05
linearly,3.0015312098090074e-05
distribution,3.0015312098090074e-05
hit,3.0015312098090074e-05
demonstrate,3.0015312098090074e-05
answering,3.0015312098090074e-05
trend,3.0015312098090074e-05
topk,3.0015312098090074e-05
weighting,3.0015312098090074e-05
worse,3.0015312098090074e-05
random,3.0015312098090074e-05
maps,3.0015312098090074e-05
outperform,3.0015312098090074e-05
little,3.0015312098090074e-05
average,3.0015312098090074e-05
incorporating,3.0015312098090074e-05
pa,3.0015312098090074e-05
equation,3.0015312098090074e-05
treated,3.0015312098090074e-05
allowing,3.0015312098090074e-05
cikm,3.0015312098090074e-05
engineering,3.0015312098090074e-05
common,3.0015312098090074e-05
intuitively,3.0015312098090074e-05
building,3.0015312098090074e-05
us,3.0015312098090074e-05
needs,3.0015312098090074e-05
restricted,3.0015312098090074e-05
works,3.0015312098090074e-05
unit,3.0015312098090074e-05
addressing,3.0015312098090074e-05
successive,3.0015312098090074e-05
techniques,3.0015312098090074e-05
comments,3.0015312098090074e-05
exploration,3.0015312098090074e-05
weston,3.0015312098090074e-05
units,3.0015312098090074e-05
extensive,3.0015312098090074e-05
relations,3.0015312098090074e-05
support,3.0015312098090074e-05
autoregressive,3.0015312098090074e-05
auxiliary,3.0015312098090074e-05
bottom,3.0015312098090074e-05
allow,3.0015312098090074e-05
others,3.0015312098090074e-05
arbitrary,3.0015312098090074e-05
ht,3.0015312098090074e-05
partially,3.0015312098090074e-05
adopt,3.0015312098090074e-05
complex,3.0015312098090074e-05
why,3.0015312098090074e-05
feedforward,3.0015312098090074e-05
issue,3.0015312098090074e-05
graphs,3.0015312098090074e-05
vision,3.0015312098090074e-05
relational,3.0015312098090074e-05
strategy,3.0015312098090074e-05
provide,3.0015312098090074e-05
represents,3.0015312098090074e-05
largely,3.0015312098090074e-05
developed,3.0015312098090074e-05
music,3.0015312098090074e-05
fail,3.0015312098090074e-05
mapping,3.0015312098090074e-05
song,3.0015312098090074e-05
ensemble,3.0015312098090074e-05
arxiv,3.0015312098090074e-05
fused,3.0015312098090074e-05
acm,3.0015312098090074e-05
control,3.0015312098090074e-05
gaussian,3.0015312098090074e-05
iteration,3.0015312098090074e-05
proposal,3.0015312098090074e-05
empirically,3.0015312098090074e-05
sets,1.5007656049045037e-05
interesting,1.5007656049045037e-05
cause,1.5007656049045037e-05
individuals,1.5007656049045037e-05
yan,1.5007656049045037e-05
inspired,1.5007656049045037e-05
initialized,1.5007656049045037e-05
deviation,1.5007656049045037e-05
worth,1.5007656049045037e-05
up,1.5007656049045037e-05
sugiyama,1.5007656049045037e-05
architectures,1.5007656049045037e-05
explored,1.5007656049045037e-05
implemented,1.5007656049045037e-05
residual,1.5007656049045037e-05
via,1.5007656049045037e-05
google,1.5007656049045037e-05
ability,1.5007656049045037e-05
batch,1.5007656049045037e-05
journal,1.5007656049045037e-05
ren,1.5007656049045037e-05
decisionmaking,1.5007656049045037e-05
competitive,1.5007656049045037e-05
audio,1.5007656049045037e-05
regard,1.5007656049045037e-05
potential,1.5007656049045037e-05
direction,1.5007656049045037e-05
emerging,1.5007656049045037e-05
arxivv,1.5007656049045037e-05
corrado,1.5007656049045037e-05
amount,1.5007656049045037e-05
degrade,1.5007656049045037e-05
preprint,1.5007656049045037e-05
tackle,1.5007656049045037e-05
build,1.5007656049045037e-05
multitask,1.5007656049045037e-05
calculated,1.5007656049045037e-05
am,1.5007656049045037e-05
semantics,1.5007656049045037e-05
contain,1.5007656049045037e-05
superior,1.5007656049045037e-05
domain,1.5007656049045037e-05
vincent,1.5007656049045037e-05
interested,1.5007656049045037e-05
mainly,1.5007656049045037e-05
drop,1.5007656049045037e-05
operator,1.5007656049045037e-05
studied,1.5007656049045037e-05
big,1.5007656049045037e-05
thereafter,1.5007656049045037e-05
versions,1.5007656049045037e-05
strategies,1.5007656049045037e-05
deal,1.5007656049045037e-05
ignored,1.5007656049045037e-05
averaged,1.5007656049045037e-05
gradually,1.5007656049045037e-05
decreases,1.5007656049045037e-05
international,1.5007656049045037e-05
decreasing,1.5007656049045037e-05
focuse,1.5007656049045037e-05
world,1.5007656049045037e-05
sites,1.5007656049045037e-05
media,1.5007656049045037e-05
conference,1.5007656049045037e-05
predictions,1.5007656049045037e-05
advantage,1.5007656049045037e-05
services,1.5007656049045037e-05
illustrate,1.5007656049045037e-05
published,1.5007656049045037e-05
tried,1.5007656049045037e-05
impact,1.5007656049045037e-05
brought,1.5007656049045037e-05
attribute,1.5007656049045037e-05
besides,1.5007656049045037e-05
comparing,1.5007656049045037e-05
australia,1.5007656049045037e-05
play,1.5007656049045037e-05
reveals,1.5007656049045037e-05
preferences,1.5007656049045037e-05
net,1.5007656049045037e-05
respect,1.5007656049045037e-05
kingma,1.5007656049045037e-05
neighbor,1.5007656049045037e-05
along,1.5007656049045037e-05
capture,1.5007656049045037e-05
replacing,1.5007656049045037e-05
outperforming,1.5007656049045037e-05
multiplication,1.5007656049045037e-05
designing,1.5007656049045037e-05
points,1.5007656049045037e-05
httpdxdoiorg,1.5007656049045037e-05
adding,1.5007656049045037e-05
equivalent,1.5007656049045037e-05
iclr,1.5007656049045037e-05
additionally,1.5007656049045037e-05
behaviors,1.5007656049045037e-05
lists,1.5007656049045037e-05
ba,1.5007656049045037e-05
clear,1.5007656049045037e-05
across,1.5007656049045037e-05
retrieval,1.5007656049045037e-05
leverage,1.5007656049045037e-05
positions,1.5007656049045037e-05
conducted,1.5007656049045037e-05
failing,1.5007656049045037e-05
despite,1.5007656049045037e-05
historical,1.5007656049045037e-05
userbased,1.5007656049045037e-05
later,1.5007656049045037e-05
integrating,1.5007656049045037e-05
featurebased,1.5007656049045037e-05
projected,1.5007656049045037e-05
hits,1.5007656049045037e-05
abstractive,1.5007656049045037e-05
question,1.5007656049045037e-05
independent,1.5007656049045037e-05
especially,1.5007656049045037e-05
updating,1.5007656049045037e-05
adjusted,1.5007656049045037e-05
add,1.5007656049045037e-05
outputs,1.5007656049045037e-05
conduct,1.5007656049045037e-05
hao,1.5007656049045037e-05
srivastava,1.5007656049045037e-05
coldstart,1.5007656049045037e-05
stated,1.5007656049045037e-05
understand,1.5007656049045037e-05
precisely,1.5007656049045037e-05
chosen,1.5007656049045037e-05
measured,1.5007656049045037e-05
far,1.5007656049045037e-05
manning,1.5007656049045037e-05
experimented,1.5007656049045037e-05
publicly,1.5007656049045037e-05
scalable,1.5007656049045037e-05
initialize,1.5007656049045037e-05
lowdimensional,1.5007656049045037e-05
provides,1.5007656049045037e-05
socher,1.5007656049045037e-05
pro,1.5007656049045037e-05
movie,1.5007656049045037e-05
account,1.5007656049045037e-05
mary,1.5007656049045037e-05
ester,1.5007656049045037e-05
sharing,1.5007656049045037e-05
commonly,1.5007656049045037e-05
plays,1.5007656049045037e-05
until,1.5007656049045037e-05
physical,1.5007656049045037e-05
van,1.5007656049045037e-05
ensembles,1.5007656049045037e-05
determining,1.5007656049045037e-05
constraint,1.5007656049045037e-05
instead,1.5007656049045037e-05
calculate,1.5007656049045037e-05
serves,1.5007656049045037e-05
den,1.5007656049045037e-05
forward,1.5007656049045037e-05
estimation,1.5007656049045037e-05
oord,1.5007656049045037e-05
intuitive,1.5007656049045037e-05
naturally,1.5007656049045037e-05
formulation,1.5007656049045037e-05
stacked,1.5007656049045037e-05
associates,1.5007656049045037e-05
project,1.5007656049045037e-05
focuses,1.5007656049045037e-05
varies,1.5007656049045037e-05
dy,1.5007656049045037e-05
faster,1.5007656049045037e-05
containing,1.5007656049045037e-05
semisupervised,1.5007656049045037e-05
start,1.5007656049045037e-05
proceedings,1.5007656049045037e-05
encourage,1.5007656049045037e-05
utilized,1.5007656049045037e-05
ding,1.5007656049045037e-05
formulate,1.5007656049045037e-05
discrete,1.5007656049045037e-05
minimize,1.5007656049045037e-05
reach,1.5007656049045037e-05
taking,1.5007656049045037e-05
original,1.5007656049045037e-05
logistic,1.5007656049045037e-05
choose,1.5007656049045037e-05
latest,1.5007656049045037e-05
tang,1.5007656049045037e-05
issues,1.5007656049045037e-05
constrain,1.5007656049045037e-05
preliminaries,1.5007656049045037e-05
graphbased,1.5007656049045037e-05
search,1.5007656049045037e-05
means,1.5007656049045037e-05
attributes,1.5007656049045037e-05
timeconsuming,1.5007656049045037e-05
rows,1.5007656049045037e-05
rank,1.5007656049045037e-05
lu,1.5007656049045037e-05
geometric,1.5007656049045037e-05
map,1.5007656049045037e-05
discover,1.5007656049045037e-05
constructed,1.5007656049045037e-05
length,1.5007656049045037e-05
statistics,1.5007656049045037e-05
near,1.5007656049045037e-05
hinton,1.5007656049045037e-05
during,1.5007656049045037e-05
products,1.5007656049045037e-05
purchasing,1.5007656049045037e-05
validation,1.5007656049045037e-05
tuned,1.5007656049045037e-05
easier,1.5007656049045037e-05
nets,0.0
schmidhuber,0.0
chung,0.0
difficulty,0.0
gulcehre,0.0
caglar,0.0
completing,0.0
holger,0.0
makingmore,0.0
dependency,0.0
oriol,0.0
wei,0.0
verb,0.0
shiftreduce,0.0
xu,0.0
itisinthisspiritthatamajorityofamericangovernmentshavepassednewlawssincemakingtheregistrationorvotingprocessmoredifficult,0.0
annotations,0.0
volume,0.0
languages,0.0
jingbo,0.0
acl,0.0
min,0.0
papers,0.0
pcfg,0.0
wenliang,0.0
yue,0.0
muhua,0.0
inputinput,0.0
bougares,0.0
longterm,0.0
selftraining,0.0
eospadpadpadpadpadpad,0.0
zhongqiang,0.0
itisinthisspiritthatamajorityofamericangovernmentshavepassednewlawssincemakingtheregistrationorvotingprocessmore,0.0
august,0.0
difficulteospadpadpadpadpadpad,0.0
rafal,0.0
constituent,0.0
longdistance,0.0
fethi,0.0
fastforward,0.0
jozefowicz,0.0
attentions,0.0
glehre,0.0
word,0.0
dauphin,0.0
kuncoro,0.0
yann,0.0
proliferation,0.0
dramatic,0.0
devices,0.0
mobile,0.0
smart,0.0
prevalence,0.0
alex,0.0
denis,0.0
lapata,0.0
rapid,0.0
senwanggmailcom,0.0
graves,0.0
fanjiangiscasaccn,0.0
wanghao,0.0
adhiguna,0.0
xiemin,0.0
yarats,0.0
grangier,0.0
aglar,0.0
attractive,0.0
mirella,0.0
miguel,0.0
noah,0.0
smith,0.0
grammars,0.0
severe,0.0
create,0.0
extreme,0.0
people,0.0
david,0.0
proc,0.0
dong,0.0
naacl,0.0
jonas,0.0
gehring,0.0
michael,0.0
lbsns,0.0
auli,0.0
wchenuqeduau,0.0
hyin,0.0
griffith,0.0
behaviour,0.0
yin,0.0
paolo,0.0
bart,0.0
hongzhi,0.0
frasconi,0.0
locationbased,0.0
give,0.0
merrienboer,0.0
sharp,0.0
memorynetworks,0.0
isolated,0.0
jrgen,0.0
anaphora,0.0
apparently,0.0
thelawwillneverbeperfectbutitsapplicationshouldbejustthisiswhatwearemissinginmyopinioneospad,0.0
color,0.0
viewed,0.0
colors,0.0
hochreiter,0.0
fanjiang,0.0
schuster,0.0
weitong,0.0
communication,0.0
engineer,0.0
chris,0.0
electrical,0.0
school,0.0
queensland,0.0
sciences,0.0
academy,0.0
chinese,0.0
kaiming,0.0
software,0.0
xiangyu,0.0
shaoqing,0.0
jian,0.0
laborator,0.0
sen,0.0
sepp,0.0
mike,0.0
tree,0.0
xuguang,0.0
johnson,0.0
dean,0.0
santorini,0.0
jeff,0.0
davis,0.0
xception,0.0
andy,0.0
annotated,0.0
maziarz,0.0
corpus,0.0
linguistics,0.0
eugene,0.0
krzysztof,0.0
mirhoseini,0.0
charniak,0.0
azalia,0.0
francois,0.0
mark,0.0
beatrice,0.0
statistical,0.0
marcinkiewicz,0.0
pham,0.0
szlam,0.0
arthur,0.0
sukhbaatar,0.0
selfattentive,0.0
hieu,0.0
sainbayar,0.0
ruslan,0.0
christopher,0.0
outrageously,0.0
krizhevsky,0.0
nitish,0.0
mitchell,0.0
marcus,0.0
mixtureofexperts,0.0
ann,0.0
sparselygated,0.0
subword,0.0
words,0.0
yonghui,0.0
june,0.0
press,0.0
xiong,0.0
richard,0.0
reinforced,0.0
slav,0.0
leon,0.0
ofir,0.0
july,0.0
barrett,0.0
thibaux,0.0
meeting,0.0
annual,0.0
th,0.0
dan,0.0
klein,0.0
accurate,0.0
compact,0.0
caiming,0.0
lior,0.0
wolf,0.0
birch,0.0
ankur,0.0
parikh,0.0
oscar,0.0
tckstrm,0.0
dipanjan,0.0
das,0.0
rare,0.0
chollet,0.0
paulus,0.0
alexandra,0.0
haddow,0.0
barry,0.0
decomposable,0.0
sennrich,0.0
rico,0.0
romain,0.0
jason,0.0
bowen,0.0
xiang,0.0
bing,0.0
active,0.0
koo,0.0
annotation,0.0
ilya,0.0
sutskever,0.0
lasse,0.0
espeholt,0.0
karen,0.0
simonyan,0.0
aaron,0.0
koray,0.0
schwenk,0.0
kavukcuoglu,0.0
yoon,0.0
kim,0.0
carl,0.0
denton,0.0
foreign,0.0
zhifeng,0.0
depthwise,0.0
qin,0.0
ying,0.0
jie,0.0
gap,0.0
limits,0.0
bridging,0.0
googles,0.0
klaus,0.0
cao,0.0
samy,0.0
krikun,0.0
maxim,0.0
macherey,0.0
wolfgang,0.0
junyoung,0.0
norouzi,0.0
mohammad,0.0
hoang,0.0
alexander,0.0
phrase,0.0
lee,0.0
feng,0.0
inc,0.0
curran,0.0
cicero,0.0
nogueira,0.0
editors,0.0
garnett,0.0
lawrence,0.0
minwei,0.0
dos,0.0
cortes,0.0
fergus,0.0
santos,0.0
mo,0.0
rob,0.0
yu,0.0
vv,0.0
zhouhan,0.0
rethinking,0.0
boris,0.0
rush,0.0
structured,0.0
diederik,0.0
oleksii,0.0
wojna,0.0
kuchaiev,0.0
zbigniew,0.0
shlens,0.0
christian,0.0
ginsburg,0.0
jonathon,0.0
lstm,0.0
ioffe,0.0
sergey,0.0
vanhoucke,0.0
szegedy,0.0
ballesteros,0.0
perword,0.0
jianpeng,0.0
df,0.0
positionwise,0.0
separately,0.0
identically,0.0
transformations,0.0
ffnx,0.0
max,0.0
xw,0.0
bw,0.0
describing,0.0
innerlayer,0.0
convert,0.0
maximum,0.0
tokens,0.0
usual,0.0
transformation,0.0
nexttoken,0.0
probabilities,0.0
presoftmax,0.0
multiply,0.0
those,0.0
positional,0.0
inject,0.0
illegal,0.0
correspond,0.0
inside,0.0
preserve,0.0
subspaces,0.0
head,0.0
inhibits,0.0
multiheadq,0.0
concathead,0.0
headhw,0.0
headi,0.0
attentionqw,0.0
rdmodeldk,0.0
rdmodeldv,0.0
ii,0.0
rhdv,0.0
heads,0.0
dmodelh,0.0
singlehead,0.0
dimensionality,0.0
applications,0.0
mimics,0.0
sequencetosequence,0.0
leftward,0.0
flow,0.0
absolute,0.0
path,0.0
jointly,0.0
longrange,0.0
extrapolate,0.0
encountered,0.0
variablelength,0.0
xi,0.0
zi,0.0
rd,0.0
motivating,0.0
consider,0.0
desiderata,0.0
parallelized,0.0
challenge,0.0
perlayer,0.0
paths,0.0
backward,0.0
traverse,0.0
shorter,0.0
combination,0.0
hence,0.0
noted,0.0
connects,0.0
sequentially,0.0
executed,0.0
sinusoidal,0.0
row,0.0
produced,0.0
epos,0.0
minimum,0.0
ok,0.0
ologkn,0.0
onr,0.0
encodings,0.0
bottoms,0.0
choices,0.0
fixed,0.0
sine,0.0
frequencies,0.0
sinposidmodel,0.0
eposi,0.0
cosposidmodel,0.0
pos,0.0
corresponds,0.0
sinusoid,0.0
wavelengths,0.0
progression,0.0
chose,0.0
hypothesized,0.0
eposk,0.0
attend,0.0
qiki,0.0
massive,0.0
normalization,0.0
right,0.0
halves,0.0
stacks,0.0
composed,0.0
stack,0.0
identical,0.0
sublayers,0.0
wise,0.0
employ,0.0
connection,0.0
sublayer,0.0
attending,0.0
layernormx,0.0
sublayerx,0.0
itself,0.0
facilitate,0.0
connections,0.0
produce,0.0
dmodel,0.0
inserts,0.0
third,0.0
modify,0.0
left,0.0
overall,0.0
generating,0.0
previously,0.0
relating,0.0
single,0.0
variety,0.0
reading,0.0
comprehension,0.0
summarization,0.0
entailment,0.0
taskindependent,0.0
sentence,0.0
endtoend,0.0
aligned,0.0
simplelanguage,0.0
convolution,0.0
sections,0.0
motivate,0.0
advantages,0.0
xn,0.0
generates,0.0
ym,0.0
symbols,0.0
consuming,0.0
prevent,0.0
subsequent,0.0
variance,0.0
dmodeldimensional,0.0
complexity,0.0
spaceefficient,0.0
code,0.0
suspect,0.0
grow,0.0
magnitude,0.0
pushing,0.0
extremely,0.0
gradients,0.0
scale,0.0
beneficial,0.0
masking,0.0
times,0.0
learned,0.0
projections,0.0
yielding,0.0
dvdimensional,0.0
concatenated,0.0
again,0.0
resulting,0.0
depicted,0.0
pdk,0.0
theoretical,0.0
scaling,0.0
except,0.0
multiplicative,0.0
fact,0.0
offset,0.0
ensures,0.0
depend,0.0
query,0.0
keyvalue,0.0
keys,0.0
assigned,0.0
compatibility,0.0
running,0.0
call,0.0
queries,0.0
dk,0.0
dv,0.0
dot,0.0
softmax,0.0
simultaneously,0.0
packed,0.0
qkt,0.0
attentionq,0.0
additive,0.0
whereas,0.0
requires,0.0
often,0.0
structural,0.0
luong,0.0
generative,0.0
suggests,0.0
sophisticated,0.0
expected,0.0
bigger,0.0
avoiding,0.0
overfitting,0.0
replace,0.0
subject,0.0
rnn,0.0
select,0.0
attain,0.0
smalldata,0.0
regimes,0.0
wall,0.0
street,0.0
portion,0.0
penn,0.0
treebank,0.0
highconfidence,0.0
berkleyparser,0.0
mcclosky,0.0
harper,0.0
huang,0.0
discriminative,0.0
checkpoint,0.0
vary,0.0
drops,0.0
off,0.0
tflops,0.0
unlisted,0.0
perplexities,0.0
perwordpiece,0.0
lenges,0.0
dff,0.0
ppl,0.0
dev,0.0
params,0.0
sinusoids,0.0
wsj,0.0
parser,0.0
vinyals,0.0
el,0.0
petrov,0.0
zhu,0.0
dyer,0.0
corpora,0.0
rates,0.0
translations,0.0
yoshua,0.0
jimmy,0.0
lei,0.0
jamie,0.0
ryan,0.0
kiros,0.0
geoffrey,0.0
dzmitry,0.0
bahdanau,0.0
kyunghyun,0.0
cho,0.0
align,0.0
remained,0.0
translate,0.0
corr,0.0
abs,0.0
denny,0.0
britz,0.0
anna,0.0
goldie,0.0
minhthang,0.0
quoc,0.0
le,0.0
inspiration,0.0
corrections,0.0
fruitful,0.0
gouws,0.0
unchanged,0.0
increased,0.0
taskspecific,0.0
surprisingly,0.0
exception,0.0
grammar,0.0
berkeley,0.0
multiheaded,0.0
former,0.0
excited,0.0
attentionbased,0.0
modalities,0.0
video,0.0
generation,0.0
goals,0.0
httpsgithubcom,0.0
tensorflowtensortensor,0.0
acknowledgements,0.0
grateful,0.0
kalchbrenner,0.0
stephan,0.0
variations,0.0
capacity,0.0
floatingpoint,0.0
encoded,0.0
appear,0.0
exhibit,0.0
behavior,0.0
syntactic,0.0
sentences,0.0
describes,0.0
regime,0.0
englishgerman,0.0
consisting,0.0
were,0.0
source,0.0
singleprecision,0.0
vocabulary,0.0
englishfrench,0.0
batched,0.0
approximate,0.0
contained,0.0
approximately,0.0
hardware,0.0
schedule,0.0
nvidia,0.0
throughout,0.0
appendix,0.0
distributions,0.0
inspect,0.0
interpretable,0.0
wordpiece,0.0
bytepair,0.0
involving,0.0
could,0.0
centered,0.0
respective,0.0
plan,0.0
width,0.0
doing,0.0
onk,0.0
contiguous,0.0
kernels,0.0
dilated,0.0
increasing,0.0
longest,0.0
expensive,0.0
separable,0.0
considerably,0.0
side,0.0
benefit,0.0
yield,0.0
took,0.0
seconds,0.0
modelsdescribed,0.0
ls,0.0
perplexity,0.0
unsure,0.0
improves,0.0
accuracy,0.0
establishing,0.0
configuration,0.0
listed,0.0
surpasses,0.0
checkpoints,0.0
written,0.0
minute,0.0
beam,0.0
penalty,0.0
experimentation,0.0
development,0.0
terminate,0.0
summarizes,0.0
compares,0.0
floating,0.0
multiplying,0.0
sustained,0.0
hurts,0.0
moe,0.0
optimizer,0.0
rl,0.0
varied,0.0
course,0.0
formula,0.0
lrate,0.0
minstepnum,0.0
stepnum,0.0
warmupsteps,0.0
square,0.0
root,0.0
dropout,0.0
sums,0.0
pdrop,0.0
englishtogerman,0.0
newstest,0.0
tests,0.0
ende,0.0
enfr,0.0
flops,0.0
deepatt,0.0
posunk,0.0
gnmt,0.0
chal,0.0
neural,0.0
causing,0.0
tune,0.0
simplified,0.0
eliminate,0.0
variation,0.0
neglect,0.0
remove,0.0
removing,0.0
percentile,0.0
cutoff,0.0
dividing,0.0
benefits,0.0
trategies,0.0
dtrain,0.0
dtest,0.0
methodology,0.0
measurement,0.0
wvin,0.0
unvisited,0.0
ordering,0.0
ges,0.0
validate,0.0
picking,0.0
strategically,0.0
toolkit,0.0
fairly,0.0
incorpora,0.0
ting,0.0
beyond,0.0
jim,0.0
simulates,0.0
process,0.0
integrates,0.0
ds,0.0
wordofmouth,0.0
prmeg,0.0
prme,0.0
incor,0.0
porates,0.0
spaces,0.0
geosage,0.0
crow,0.0
precedes,0.0
appears,0.0
recommenda,0.0
movements,0.0
exceeds,0.0
analysing,0.0
enables,0.0
degenerates,0.0
robustness,0.0
sults,0.0
consistently,0.0
validates,0.0
fa,0.0
acck,0.0
ctors,0.0
matter,0.0
routines,0.0
sensitivity,0.0
sensitive,0.0
tendency,0.0
increases,0.0
holistically,0.0
nm,0.0
gesvdfeaturejimprmeggeosage,0.0
miss,0.0
showing,0.0
hitk,0.0
accuracyk,0.0
dtestis,0.0
welltuned,0.0
reports,0.0
foursqaure,0.0
greater,0.0
competitor,0.0
bene,0.0
technique,0.0
fits,0.0
beats,0.0
embeds,0.0
whi,0.0
versatile,0.0
ploits,0.0
ignores,0.0
veloped,0.0
svdfeature,0.0
representing,0.0
gegesgesges,0.0
ovt,0.0
dom,0.0
falls,0.0
alias,0.0
reduce,0.0
proportional,0.0
collectively,0.0
ovv,0.0
ovr,0.0
ovw,0.0
wjthe,0.0
logpvivj,0.0
wwhile,0.0
iter,0.0
update,0.0
pvirj,0.0
pvitj,0.0
pviwj,0.0
merging,0.0
ran,0.0
wj,0.0
fferent,0.0
asgd,0.0
entire,0.0
specifies,0.0
logvj,0.0
evnpnvlogvn,0.0
expx,0.0
pnv,0.0
outdegree,0.0
asynchronous,0.0
good,0.0
wsumto,0.0
explode,0.0
beco,0.0
me,0.0
dilem,0.0
wwwe,0.0
pe,0.0
wsum,0.0
pi,0.0
deploy,0.0
comparable,0.0
comparative,0.0
live,0.0
sep,0.0
httpssitesgooglecomsitedbhongzhi,0.0
span,0.0
jan,0.0
feb,0.0
oct,0.0
twitter,0.0
crawling,0.0
stored,0.0
collected,0.0
userid,0.0
poiid,0.0
poilocation,0.0
poicontent,0.0
histories,0.0
howev,0.0
er,0.0
format,0.0
public,0.0
distinguishes,0.0
reasonable,0.0
uviidui,0.0
alternatively,0.0
summarize,0.0
tech,0.0
niques,0.0
tracks,0.0
exponential,0.0
decay,0.0
exp,0.0
record,0.0
vin,0.0
dynamically,0.0
ject,0.0
highest,0.0
tt,0.0
sq,0.0
belongs,0.0
encodes,0.0
vand,0.0
quickly,0.0
enough,0.0
cfbased,0.0
zeng,0.0
lyu,0.0
aaai,0.0
ijcai,0.0
caverlee,0.0
sui,0.0
millions,0.0
footprints,0.0
icwsm,0.0
cong,0.0
mach,0.0
chee,0.0
effects,0.0
recsys,0.0
ahmed,0.0
ravi,0.0
smola,0.0
zhao,0.0
rui,0.0
res,0.0
joachims,0.0
york,0.0
program,0.0
unify,0.0
principled,0.0
portance,0.0
arc,0.0
discovery,0.0
career,0.0
researcher,0.0
award,0.0
cb,0.0
turnbull,0.0
outstanding,0.0
young,0.0
talent,0.0
iscas,0.0
jq,0.0
jiangsu,0.0
bk,0.0
moore,0.0
linden,0.0
amazoncom,0.0
dynami,0.0
locationcontentaware,0.0
publishing,0.0
company,0.0
edition,0.0
trans,0.0
inf,0.0
syst,0.0
mar,0.0
lcars,0.0
nguyen,0.0
cui,0.0
adapting,0.0
drift,0.0
pp,0.0
shao,0.0
thalmann,0.0
jd,0.0
cy,0.0
sigspatial,0.0
springer,0.0
dl,0.0
itemtoitem,0.0
hogwild,0.0
internet,0.0
sdm,0.0
mikolov,0.0
phrases,0.0
compositionality,0.0
recht,0.0
wright,0.0
niu,0.0
lockfree,0.0
janowicz,0.0
parallelizing,0.0
qu,0.0
mei,0.0
pte,0.0
sadiq,0.0
ye,0.0
shou,0.0
wc,0.0
cally,0.0
conclusions,0.0
converged,0.0
posts,0.0
indicate,0.0
ficant,0.0
scenario,0.0
degrees,0.0
drastically,0.0
deteriorate,0.0
ate,0.0
sidering,0.0
gesvdfeaturejimgeosage,0.0
respec,0.0
tags,0.0
aggregated,0.0
lda,0.0
bot,0.0
turned,0.0
eyes,0.0
alleviate,0.0
spatiotem,0.0
tively,0.0
tern,0.0
jointl,0.0
leading,0.0
satisfying,0.0
trade,0.0
needed,0.0
investigates,0.0
down,0.0
disparity,0.0
prunes,0.0
cooccurrence,0.0
noise,0.0
pat,0.0
denser,0.0
cor,0.0
responds,0.0
non,0.0
uniformness,0.0
consecutiveness,0.0
week,0.0
weekdayweekend,0.0
poral,0.0
kinds,0.0
allevi,0.0
fluences,0.0
access,0.0
im,0.0
prove,0.0
ffects,0.0
firstorder,0.0
chain,0.0
stronger,0.0
ago,0.0
noticed,0.0
captured,0.0
incorporated,0.0
phenomenon,0.0
resulted,0.0
attracted,0.0
researchers,0.0
nonuniformness,0.0
userba,0.0
sed,0.0
leverages,0.0
thirdly,0.0
smoothly,0.0
leveraging,0.0
proved,0.0
interact,0.0
verified,0.0
playlist,0.0
bedding,0.0
relat,0.0
multiheterogenous,0.0
embedded,0.0
locations,0.0
incapability,0.0
scheme,0.0
considered,0.0
researches,0.0
firstly,0.0
secondly,0.0
recomm,0.0
endation,0.0
lose,0.0
calculating,0.0
computationally,0.0
vjjvb,0.0
ana,0.0
plagues,0.0
tends,0.0
ifferent,0.0
cold,0.0
business,0.0
fastdevelo,0.0
ping,0.0
countries,0.0
lyzed,0.0
sparser,0.0
going,0.0
parentingrelated,0.0
playground,0.0
amusement,0.0
park,0.0
baby,0.0
ignore,0.0
accurately,0.0
movies,0.0
concerns,0.0
pr,0.0
desktop,0.0
helps,0.0
know,0.0
cities,0.0
advertisers,0.0
launch,0.0
advertisements,0.0
targeted,0.0
traditional,0.0
delivering,0.0
safety,0.0
etc,0.0
involve,0.0
ffers,0.0
physically,0.0
ex,0.0
pensive,0.0
ffort,0.0
privacy,0.0
capturing,0.0
oved,0.0
promptly,0.0
lunch,0.0
ffice,0.0
dinner,0.0
restaurant,0.0
watch,0.0
night,0.0
pm,0.0
go,0.0
bar,0.0
whrrl,0.0
regularly,0.0
activities,0.0
regularity,0.0
contents,0.0
semantically,0.0
ffectiveness,0.0
joint,0.0
overcome,0.0
fluence,0.0
arrive,0.0
daily,0.0
commercially,0.0
mobility,0.0
valuable,0.0
intents,0.0
satisfactory,0.0
dations,0.0
producing,0.0
integrate,0.0
uni,0.0
fied,0.0
movement,0.0
suggested,0.0
exhibits,0.0
transition,0.0
nonuniform,0.0
dist,0.0
ribution,0.0
airports,0.0
hotels,0.0
studies,0.0
crucial,0.0
vices,0.0
viiva,0.0
ionbased,0.0
checkedin,0.0
largescale,0.0
expe,0.0
rimental,0.0
superiority,0.0
competitors,0.0
recommending,0.0
locat,0.0
roles,0.0
namically,0.0
location,0.0
acquisition,0.0
wireless,0.0
technologies,0.0
su,0.0
fficient,0.0
permission,0.0
digital,0.0
hisher,0.0
timedecay,0.0
copies,0.0
stand,0.0
signi,0.0
ficantly,0.0
spatiotemporal,0.0
awareness,0.0
dynamic,0.0
tracking,0.0
realtime,0.0
manner,0.0
ge,0.0
dimensional,0.0
captures,0.0
ffect,0.0
cyclic,0.0
unified,0.0
poipoi,0.0
poiregion,0.0
poitime,0.0
poiword,0.0
hard,0.0
personal,0.0
experiences,0.0
emerged,0.0
speci,0.0
fic,0.0
request,0.0
permissions,0.0
permissionsacmorg,0.0
indianapolis,0.0
isbn,0.0
doi,0.0
foursquare,0.0
redistribute,0.0
facebook,0.0
loopt,0.0
pointof,0.0
interests,0.0
stores,0.0
restaurants,0.0
sightseeing,0.0
life,0.0
prior,0.0
servers,0.0
classroom,0.0
citation,0.0
granted,0.0
fee,0.0
provided,0.0
distributed,0.0
profit,0.0
commercial,0.0
bear,0.0
notice,0.0
page,0.0
post,0.0
copyrights,0.0
owned,0.0
honored,0.0
abstracting,0.0
credit,0.0
permitted,0.0
copy,0.0
republish,0.0
spatial,0.0
orand,0.0
straightforwardly,0.0
gvr,0.0
vertices,0.0
transform,0.0
administrative,0.0
divisions,0.0
suburbs,0.0
divided,0.0
weekly,0.0
division,0.0
evr,0.0
fig,0.0
located,0.0
rj,0.0
exists,0.0
gvt,0.0
evt,0.0
tj,0.0
frequency,0.0
gvw,0.0
gives,0.0
below,0.0
dvj,0.0
gvv,0.0
five,0.0
tuple,0.0
visits,0.0
profilefor,0.0
sorted,0.0
profiles,0.0
ied,0.0
denoted,0.0
evv,0.0
correlation,0.0
edges,0.0
ivj,0.0
jin,0.0
eij,0.0
wij,0.0
checked,0.0
whole,0.0
predefined,0.0
evw,0.0
wi,0.0
hand,0.0
pvi,0.0
disjoint,0.0
expvj,0.0
pvjvi,0.0
expv,0.0
vk,0.0
defines,0.0
pviover,0.0
pviclose,0.0
degi,0.0
va,0.0
idpvipvi,0.0
viva,0.0
dis,0.0
kldivergence,0.0
omitting,0.0
constants,0.0
logpvjvi,0.0
bylearning,0.0
vb,0.0
dings,0.0
bag,0.0
collection,0.0
tfidf,0.0
interpret,0.0
heshe,0.0
mentioning,0.0
poiimage,0.0
formallydefine,0.0
investigatedin,0.0
union,0.0
recommendationgiven,0.0
nodes,0.0
querying,0.0
ul,0.0
approachusing,0.0
integratedlearning,0.0
called,0.0
ofpoiembedding,0.0
represen,0.0
homogeneous,0.0
activitya,0.0
notation,0.0
tag,0.0
verifies,0.0
fields,0.0
heterogeneous,0.0
great,0.0
document,0.0
classi,0.0
fication,0.0
lme,0.0
playlists,0.0
effectiveness,0.0
lowdimension,0.0
embed,0.0
encode,0.0
ffectively,0.0
unifi,0.0
ed,0.0
bipartite,0.0
heterogenous,0.0
slot,0.0
euclidean,0.0
arsity,0.0
category,0.0
overwhelmed,0.0
almost,0.0
incapable,0.0
supporting,0.0
principally,0.0
ffer,0.0
delay,0.0
rerunning,0.0
disability,0.0
prefere,0.0
sp,0.0
nces,0.0
respond,0.0
immediately,0.0
markov,0.0
chainbased,0.0
mender,0.0
dict,0.0
mining,0.0
flexible,0.0
incorporation,0.0
dynamics,0.0
definitions,0.0
wv,0.0
vs,0.0
timestamp,0.0
discretized,0.0
du,0.0
profile,0.0
timeaware,0.0
interval,0.0
ease,0.0
associated,0.0
presentation,0.0
uniquely,0.0
identi,0.0
site,0.0
cinema,0.0
identifier,0.0
longitude,0.0
latitude,0.0
lv,0.0
interpretation,0.0
diverse,0.0
opposite,0.0
timestamps,0.0
classic,0.0
nice,0.0
properties,0.0
response,0.0
retraining,0.0
suppor,0.0
primary,0.0
proposals,0.0
loca,0.0
tionbased,0.0
remainder,0.0
organized,0.0
report,0.0
concludes,0.0
illustration,0.0
metric,0.0
intraattention,0.0
lpoiw,0.0
sometimes,0.0
combined,0.0
class,0.0
once,0.0
matrices,0.0
regu,0.0
larization,0.0
sure,0.0
sim,0.0
ilar,0.0
addition,0.0
hierarchically,0.0
impose,0.0
reg,0.0
ularizer,0.0
spectral,0.0
von,0.0
proceedingsofthetwentyninthinternationaljointconferenceonartificialintelligenceijcai,0.0
furthermore,0.0
sort,0.0
computed,0.0
extensibility,0.0
check,0.0
history,0.0
utilization,0.0
accessory,0.0
component,0.0
formance,0.0
cannot,0.0
extensible,0.0
contex,0.0
tual,0.0
completely,0.0
according,0.0
corre,0.0
sponding,0.0
luxburg,0.0
lnorm,0.0
brid,0.0
oth,0.0
neighboring,0.0
exploiting,0.0
poibased,0.0
albutilizessimilaritybetweendifferentpoisbased,0.0
onthegeographicdistanceliuet,0.0
albforeverypoi,0.0
specific,0.0
pref,0.0
erence,0.0
nearby,0.0
constrains,0.0
region,0.0
distances,0.0
workisrankedtopaccordingtothelatestsurveyliuet,0.0
exist,0.0
ers,0.0
odsexploittheuserbasedcontextinrankgeofmliet,0.0
dicted,0.0
meth,0.0
form,0.0
putting,0.0
regularizers,0.0
together,0.0
solve,0.0
efficiently,0.0
decompose,0.0
variable,0.0
accelerated,0.0
proximal,0.0
gra,0.0
dient,0.0
apg,0.0
lregularized,0.0
made,0.0
lack,0.0
cific,0.0
spe,0.0
find,0.0
spots,0.0
enjoy,0.0
vacations,0.0
unfamiliar,0.0
regions,0.0
increase,0.0
shopkeepers,0.0
income,0.0
attracting,0.0
customers,0.0
who,0.0
spend,0.0
time,0.0
contribution,0.0
ycorresponding,0.0
terested,0.0
aims,0.0
specially,0.0
alwuet,0.0
group,0.0
rat,0.0
ings,0.0
alternating,0.0
devel,0.0
oped,0.0
get,0.0
final,0.0
ing,0.0
algorithm,0.0
stateofthe,0.0
art,0.0
sys,0.0
temyanget,0.0
alliuet,0.0
author,0.0
money,0.0
store,0.0
therefore,0.0
lar,0.0
difference,0.0
these,0.0
larity,0.0
irenmf,0.0
geographic,0.0
distance,0.0
lrt,0.0
day,0.0
drawbacks,0.0
utilizing,0.0
sider,0.0
type,0.0
entity,0.0
tween,0.0
simi,0.0
behind,0.0
intervals,0.0
weighted,0.0
hot,0.0
con,0.0
differentassumptionsforexampleirenmfliuet,0.0
bassumes,0.0
close,0.0
construct,0.0
sum,0.0
ferent,0.0
neigh,0.0
boringpoisratingstoeverypoilrtgaoet,0.0
assumes,0.0
patterns,0.0
slots,0.0
dif,0.0
hy,0.0
geomf,0.0
ef,0.0
uiware,0.0
rixrixxxxrin,0.0
includes,0.0
rzand,0.0
infor,0.0
mation,0.0
fi,0.0
nally,0.0
put,0.0
carried,0.0
toincorporatetheuserbased,0.0
partic,0.0
ular,0.0
relation,0.0
ship,0.0
guserwbe,0.0
values,0.0
vj,0.0
wuserwijwis,0.0
uiwover,0.0
lfwzfvlfvz,0.0
fvzfxfxxxxxfxjvjis,0.0
formed,0.0
applying,0.0
details,0.0
predict,0.0
rztrmnwby,0.0
func,0.0
tion,0.0
element,0.0
rijwin,0.0
rzrepresents,0.0
inferred,0.0
prefer,0.0
ence,0.0
wuserwzrwuserwijwrijmw,0.0
ixand,0.0
alsplitsthewholespaceintodifferentregionsand,0.0
eq,0.0
observation,0.0
wesumallthenormalizedgraphlaplacianregularizationofrongraphguserwfor,0.0
poisandhaveluserwrznxrjluserwrjztracerluserwrx,0.0
contextthepoibasedglobalcontex,0.0
coun,0.0
terpart,0.0
gpoi,0.0
wpoi,0.0
dpoiwand,0.0
laplacianregularizationongpoiwfor,0.0
uiwislpoirizrilpoirisameasineqitspoibased,0.0
laplacianregularizationtermfor,0.0
islpoirzmxrilpoiriztracerlpoirx,0.0
explic,0.0
itly,0.0
lrjz,0.0
trkjpduserwkwx,0.0
wuserw,0.0
luserwrjzmxrimxrkwuserwikwrrijpduserwiw,0.0
postponed,0.0
guserwis,0.0
duserwzdiagduserwxduserwxxxxduserwmwz,0.0
luserwziz,0.0
userwwuserwd,0.0
userw,0.0
trix,0.0
rztrmn,0.0
rijwrepresents,0.0
uiwon,0.0
define,0.0
regularizationofrzonguserwfor,0.0
particular,0.0
vjwasluserwrjzrjluserwrjwhereindicatestakingall,0.0
rowcolumn,0.0
quadratic,0.0
fxon,0.0
ized,0.0
checkin,0.0
indices,0.0
puwpuwtrpuwzthat,0.0
match,0.0
dxis,0.0
tuples,0.0
dxzfuxvjuxtuxvxtvg,0.0
coordinates,0.0
available,0.0
typical,0.0
supervised,0.0
dxserves,0.0
additional,0.0
dtwe,0.0
checkins,0.0
ptwewuwdenote,0.0
transaction,0.0
uxuxtu,0.0
normal,0.0
dices,0.0
incorporates,0.0
influence,0.0
individual,0.0
regional,0.0
components,0.0
introduces,0.0
background,0.0
rec,0.0
ommendation,0.0
definition,0.0
suppose,0.0
mxand,0.0
uxzfuxuxxxxumgbe,0.0
vxzfvxvxxxxvngbe,0.0
puwbe,0.0
uxin,0.0
quality,0.0
overlap,0.0
puwand,0.0
gxis,0.0
degree,0.0
dzof,0.0
diago,0.0
diag,0.0
dxdxxxxdjvj,0.0
diwzpjvjjwij,0.0
normalized,0.0
defined,0.0
lzziz,0.0
td,0.0
wd,0.0
fxzvttrtbe,0.0
real,0.0
valued,0.0
wijwzwjiw,0.0
symmetric,0.0
wis,0.0
uixvjtdxand,0.0
ptwewuw,0.0
convenience,0.0
his,0.0
tory,0.0
represented,0.0
yijwzif,0.0
uixvjztd,0.0
iwand,0.0
gxbe,0.0
undirected,0.0
vtzfxxxxxjvjgis,0.0
vertex,0.0
counteract,0.0
wijwdenotes,0.0
cluster,0.0
laplacian,0.0
incorporate,0.0
input,0.0
result,0.0
possible,0.0
sparse,0.0
probabilistic,0.0
property,0.0
full,0.0
representation,0.0
output,0.0
consists,0.0
encoding,0.0
embedding,0.0
fully,0.0
connected,0.0
context,0.0
last,0.0
places,0.0
now,0.0
performed,0.0
easy,0.0
estimate,0.0
generally,0.0
follow,0.0
machine,0.0
objective,0.0
usually,0.0
handle,0.0
higher,0.0
ones,0.0
dimension,0.0
factors,0.0
settings,0.0
clearly,0.0
cosine,0.0
second,0.0
nal,0.0
another,0.0
different,0.0
edge,0.0
dimensions,0.0
implement,0.0
version,0.0
learns,0.0
design,0.0
even,0.0
moreover,0.0
slightly,0.0
pattern,0.0
kernel,0.0
share,0.0
wu,0.0
embeddings,0.0
must,0.0
lot,0.0
extended,0.0
due,0.0
train,0.0
allows,0.0
future,0.0
out,0.0
total,0.0
sampled,0.0
instance,0.0
observations,0.0
attention,0.0
considering,0.0
label,0.0
likely,0.0
achieved,0.0
descent,0.0
further,0.0
improve,0.0
case,0.0
loss,0.0
makes,0.0
denotes,0.0
applied,0.0
users,0.0
learn,0.0
present,0.0
framework,0.0
factorization,0.0
datasets,0.0
empirical,0.0
shows,0.0
using,0.0
supported,0.0
foundation,0.0
social,0.0
preference,0.0
past,0.0
shared,0.0
product,0.0
user,0.0
described,0.0
items,0.0
national,0.0
usa,0.0
china,0.0
years,0.0
networks,0.0
computer,0.0
language,0.0
processing,0.0
systems,0.0
less,0.0
develop,0.0
problem,0.0
although,0.0
employed,0.0
recommendation,0.0
space,0.0
vector,0.0
represent,0.0
de,0.0
since,0.0
how,0.0
main,0.0
contributions,0.0
high,0.0
approaches,0.0
solution,0.0
let,0.0
denote,0.0
here,0.0
does,0.0
similarly,0.0
interest,0.0
scores,0.0
generated,0.0
utilize,0.0
like,0.0
description,0.0
may,0.0
approach,0.0
topic,0.0
rating,0.0
prediction,0.0
seems,0.0
just,0.0
network,0.0
tasks,0.0
continuous,0.0
found,0.0
several,0.0
text,0.0
contrast,0.0
advances,0.0
obtain,0.0
parts,0.0
reported,0.0
electronic,0.0
technology,0.0
king,0.0
abdullah,0.0
nanyang,0.0
technological,0.0
tencent,0.0
ai,0.0
lab,0.0
inception,0.0
institute,0.0
artificial,0.0
intelligence,0.0
fpeng,0.0
han,0.0
zhongxiao,0.0
science,0.0
shangyuniversity,0.0
li,0.0
wangyandshuo,0.0
base,0.0
graph,0.0
regularization,0.0
global,0.0
lian,0.0
ma,0.0
zhou,0.0
contextualized,0.0
pointofinterest,0.0
peng,0.0
hanzhongxiao,0.0
liyong,0.0
liupeilin,0.0
zhaojing,0.0
lihao,0.0
ligkaust,0.0
edu,0.0
sa,0.0
stephenliuntu,0.0
exploit,0.0
contextual,0.0
ac,0.0
curacy,0.0
visit,0.0
pois,0.0
visited,0.0
none,0.0
uti,0.0
lize,0.0
explicitly,0.0
utilizes,0.0
ity,0.0
specifically,0.0
categorize,0.0
assumptions,0.0
ploy,0.0
em,0.0
paperjedi,0.0
sg,0.0
fpeilinzhao,0.0
jingli,0.0
phdghotmail,0.0
com,0.0
fhaowang,0.0
shangggmail,0.0
mendation,0.0
poi,0.0
come,0.0
increasingly,0.0
important,0.0
subfield,0.0
recom,0.0
recommendations,0.0
stochastic,0.0
convergence,0.0
four,0.0
sparsity,0.0
highly,0.0
test,0.0
gain,0.0
metrics,0.0
position,0.0
relationship,0.0
comparison,0.0
equal,0.0
relative,0.0
strong,0.0
recommended,0.0
performs,0.0
cases,0.0
pair,0.0
per,0.0
optimizing,0.0
neighborhood,0.0
hyperparameters,0.0
pre,0.0
corresponding,0.0
rate,0.0
larger,0.0
recommen,0.0
dation,0.0
helpful,0.0
experimental,0.0
summarized,0.0
evaluate,0.0
algorithms,0.0
million,0.0
investigate,0.0
end,0.0
evaluation,0.0
achieve,0.0
around,0.0
directly,0.0
early,0.0
cheng,0.0
sun,0.0
aspects,0.0
gao,0.0
liu,0.0
xie,0.0
clustering,0.0
fast,0.0
wang,0.0
human,0.0
ieee,0.0
transactions,0.0
semantic,0.0
relationships,0.0
geographical,0.0
chen,0.0
pages,0.0
help,0.0
integrated,0.0
recommend,0.0
solved,0.0
he,0.0
zheng,0.0
presented,0.0
knowledge,0.0
entities,0.0
temporal,0.0
exploring,0.0
conclusion,0.0
ways,0.0
limited,0.0
study,0.0
extend,0.0
introduced,0.0
wzzwijijjvj,0.0
fectivelyutilizeglobal,0.0
contextinformationbetweenusersor,0.0
decrease,0.0
sameastheobservationinliuet,0.0
albatoostrong,0.0
trends,0.0
rameter,0.0
seriously,0.0
affecting,0.0
pared,0.0
probably,0.0
contexual,0.0
already,0.0
exploited,0.0
attentionweighted,0.0
exploits,0.0
regularizations,0.0
rapidly,0.0
affects,0.0
mized,0.0
suggest,0.0
keeping,0.0
rest,0.0
val,0.0
ues,0.0
zand,0.0
timal,0.0
adjusting,0.0
order,0.0
low,0.0
degradation,0.0
gener,0.0
ally,0.0
suggesting,0.0
informative,0.0
counterpart,0.0
formulations,0.0
showed,0.0
probability,0.0
niki,0.0
jakob,0.0
uszkoreit,0.0
brain,0.0
avaswanigooglecom,0.0
noamgooglecom,0.0
nikipgooglecom,0.0
uszgooglecom,0.0
averaging,0.0
llion,0.0
jones,0.0
aidan,0.0
gomez,0.0
ukasz,0.0
kaiser,0.0
toronto,0.0
parmar,0.0
shazeer,0.0
outper,0.0
noam,0.0
forms,0.0
constructing,0.0
tegration,0.0
exten,0.0
sibility,0.0
shed,0.0
light,0.0
possibly,0.0
acknowledgments,0.0
foun,0.0
you,0.0
cscl,0.0
dec,0.0
ashish,0.0
vaswani,0.0
changing,0.0
zzand,0.0
simplicity,0.0
bca,0.0
althismethodbuildsagraphto,0.0
influ,0.0
entedgeslore,0.0
zhanget,0.0
althismethodalso,0.0
considers,0.0
sequential,0.0
poisandagivennewpoiirenmf,0.0
liuet,0.0
alb,0.0
predicts,0.0
userpoi,0.0
boringpoisweightedbytheirsimilaritygeomf,0.0
althismethodlearnsfourkindsoflatentfactors,0.0
activity,0.0
wanget,0.0
lf,0.0
mization,0.0
kde,0.0
place,0.0
insmgmpfm,0.0
chenget,0.0
althismethoduses,0.0
pfm,0.0
multi,0.0
center,0.0
tovisitapoigiventheirlivingregionigslr,0.0
chow,0.0
computes,0.0
measuring,0.0
friendship,0.0
residences,0.0
estimated,0.0
density,0.0
areas,0.0
fac,0.0
torsgeopfm,0.0
alathisapproachmod,0.0
tend,0.0
inte,0.0
grate,0.0
multiple,0.0
levels,0.0
mfbased,0.0
tfor,0.0
assump,0.0
unlike,0.0
reason,0.0
analysis,0.0
effect,0.0
change,0.0
proportionally,0.0
opti,0.0
highperforance,0.0
tit,0.0
inferior,0.0
poiwt,0.0
els,0.0
skewed,0.0
tangandwangthismethodappliesdeep,0.0
convolutional,0.0
userwt,0.0
tor,0.0
xtzand,0.0
ucf,0.0
gxtfg,0.0
ta,0.0
tmf,0.0
kxzzand,0.0
tthe,0.0
pfmbased,0.0
lliongooglecom,0.0
aidancstorontoedu,0.0
lukaszkaisergooglecom,0.0
st,0.0
parallel,0.0
ca,0.0
problems,0.0
numerous,0.0
representations,0.0
computing,0.0
block,0.0
efforts,0.0
continued,0.0
basic,0.0
push,0.0
boundaries,0.0
encoderdecoder,0.0
convss,0.0
typically,0.0
beach,0.0
zwork,0.0
logarithmically,0.0
ywork,0.0
responsible,0.0
efficient,0.0
inference,0.0
grows,0.0
visualizations,0.0
lukasz,0.0
spent,0.0
implementing,0.0
earlier,0.0
relate,0.0
greatly,0.0
massively,0.0
required,0.0
operations,0.0
accelerating,0.0
computation,0.0
symbol,0.0
sequences,0.0
aligning,0.0
computational,0.0
twelve,0.0
draw,0.0
relying,0.0
efficiency,0.0
tricks,0.0
conditional,0.0
eschewing,0.0
conjunction,0.0
latter,0.0
fundamental,0.0
remains,0.0
integral,0.0
compelling,0.0
few,0.0
significant,0.0
batching,0.0
constraints,0.0
gpu,0.0
generate,0.0
states,0.0
bytenet,0.0
inherently,0.0
precludes,0.0
parallelization,0.0
within,0.0
lengths,0.0
examples,0.0
becomes,0.0
reducing,0.0
critical,0.0
longer,0.0
goal,0.0
novel,0.0
difficult,0.0
illia,0.0
convolutions,0.0
translation,0.0
parallelizable,0.0
requiring,0.0
significantly,0.0
bleu,0.0
wmt,0.0
english,0.0
togerman,0.0
englishtofrench,0.0
establishes,0.0
singlemodel,0.0
days,0.0
eight,0.0
gpus,0.0
fraction,0.0
entirely,0.0
recurrence,0.0
tensortensor,0.0
dispensing,0.0
polosukhin,0.0
illiapolosukhingmailcom,0.0
dominant,0.0
sequence,0.0
transduction,0.0
recurrent,0.0
include,0.0
encoder,0.0
resolution,0.0
decoder,0.0
connect,0.0
mechanism,0.0
transformer,0.0
solely,0.0
mechanisms,0.0
costs,0.0
generalizes,0.0
successfully,0.0
constituency,0.0
dotproduct,0.0
multihead,0.0
parameterfree,0.0
became,0.0
person,0.0
cost,0.0
albeit,0.0
nearly,0.0
detail,0.0
countless,0.0
variants,0.0
constant,0.0
reduced,0.0
codebase,0.0
distant,0.0
scaled,0.0
aspect,0.0
involved,0.0
established,0.0
parsing,0.0
long,0.0
shortterm,0.0
memory,0.0
gated,0.0
firmly,0.0
state,0.0
crucially,0.0
effective,0.0
listing,0.0
rnns,0.0
selfattention,0.0
started,0.0
effort,0.0
visiting,0.0
ble,0.0
siders,0.0
viwand,0.0
userwis,0.0
asmoothing,0.0
ssrwis,0.0
ssrwijwzzif,0.0
ujwhave,0.0
theydo,0.0
finally,0.0
guserwas,0.0
knearest,0.0
knn,0.0
suserw,0.0
gpoiwis,0.0
sumptions,0.0
geographically,0.0
fchkinp,0.0
iwtrthat,0.0
oftimesapoiviwisvisitedbyall,0.0
hadamard,0.0
suserwzuserwzssrsstwzuserw,0.0
compute,0.0
iwis,0.0
ins,0.0
uiwat,0.0
hour,0.0
nxand,0.0
hours,0.0
di,0.0
mension,0.0
zn,0.0
sstwrsstwijwrijmw,0.0
uiwand,0.0
ujwsstwijw,0.0
sstwijwzfchkinu,0.0
iwtfchkinu,0.0
jwkfchkinu,0.0
iwkkfchkinu,0.0
jwkx,0.0
ineachhourofaday,0.0
vjwstewijw,0.0
stepwhere,0.0
stewijwzfchkinp,0.0
sgewzrsgewijwrijnw,0.0
spoiwzpoiwzstesgewzpoiw,0.0
poiwis,0.0
smoothing,0.0
gpoiwas,0.0
spoi,0.0
alternatingoptimization,0.0
initial,0.0
lpoi,0.0
ttyz,0.0
targzminrzlrtz,0.0
kfchkinu,0.0
ttargzminrzlrtz,0.0
solving,0.0
rt,0.0
ternating,0.0
steps,0.0
graphical,0.0
geo,0.0
subsequently,0.0
sgewijwzexpzr,0.0
iwtfchkinp,0.0
jwkfchkinp,0.0
iwkkfchkinp,0.0
stewzrstewijwrijnw,0.0
take,0.0
proximity,0.0
vjwthrough,0.0
kxi,0.0
dard,0.0
xjkr,0.0
xiwand,0.0
althismethodcon,0.0
xjware,0.0
vjwrespectively,0.0
xis,0.0
stan,0.0
records,0.0
iwtrnwwhose,0.0
fchkinu,0.0
having,0.0
cian,0.0
luserw,0.0
guserw,0.0
clusters,0.0
vjwby,0.0
gth,0.0
rgj,0.0
jris,0.0
jrzgxrgnxrjgkrgjkx,0.0
gwzptngwand,0.0
ngwis,0.0
clus,0.0
tergthisregularizerisagroup,0.0
lasso,0.0
regularizerwhich,0.0
lin,0.0
applicationsjenattonet,0.0
lapla,0.0
apply,0.0
distribute,0.0
wuserwikwexisting,0.0
ev,0.0
ery,0.0
pairs,0.0
enumerated,0.0
differ,0.0
ences,0.0
summed,0.0
introduce,0.0
divide,0.0
regularizer,0.0
takes,0.0
intoaccountlocal,0.0
contextualinformationbetweenusersand,0.0
assumption,0.0
lo,0.0
cal,0.0
alkimandxing,0.0
kolaret,0.0
alfollowingthesameargumentinliuet,0.0
experiment,0.0
ruiukw,0.0
kxpois,0.0
kxrecommendations,0.0
pkuwzfiuiuxxxxiukwg,0.0
construction,0.0
guserwand,0.0
gpoiwdefined,0.0
gowalla,0.0
kth,0.0
yelp,0.0
detailed,0.0
co,0.0
ordinates,0.0
built,0.0
periods,0.0
spatialtemporal,0.0
greatest,0.0
iukwachieves,0.0
encourages,0.0
krz,0.0
belonging,0.0
lrzzluserwrzzlpoirzzkr,0.0
ykfwzjrx,0.0
luserwr,0.0
lpoirand,0.0
jrare,0.0
added,0.0
ykfwto,0.0
iukwtvuwbe,0.0
rzto,0.0
ground,0.0
truth,0.0
yzof,0.0
tunable,0.0
rmzargzminrzlr,0.0
vuwzfjxtnjztjxtngnpuwpuwis,0.0
ineachiterationthefirststepistheuser,0.0
dependencies,0.0
luserwrzand,0.0
kxpk,0.0
derive,0.0
lsmrtwith,0.0
ris,0.0
rrlsmrtzluserwrzr,0.0
tx,0.0
approximation,0.0
lmtat,0.0
rcenter,0.0
partitioned,0.0
setup,0.0
taylor,0.0
expansion,0.0
lmttxzkm,0.0
zkfwzlnonwmzzlsmrtz,0.0
tzxkrrlsmwrtkfw,0.0
def,0.0
performances,0.0
zqmrx,0.0
ours,0.0
jrin,0.0
fit,0.0
yun,0.0
lrtzlsmwrtzlnonwrwhere,0.0
look,0.0
separated,0.0
smooth,0.0
lsmwand,0.0
nonsmooth,0.0
precision,0.0
testing,0.0
lnonw,0.0
ted,0.0
split,0.0
igslr,0.0
tkfix,0.0
lnonwrzzgxrgnxrjgkrgjkx,0.0
lsmwrtand,0.0
lnonwrare,0.0
convex,0.0
zgxrgnxrjgkrgjkx,0.0
toh,0.0
mis,0.0
inverse,0.0
zzzrz,0.0
challengeforbothdatasetsadditionalcontex,0.0
february,0.0
till,0.0
october,0.0
thegowalla,0.0
socialnetworkthedatasetcontains,0.0
theyelp,0.0
datasetcontainscheckinsof,0.0
round,0.0
httpsnap,0.0
recommendationmethodsthegowalla,0.0
stanford,0.0
edudatalocgowalla,0.0
html,0.0
httpswww,0.0
comdatasetchallenge,0.0
usg,0.0
mgmpfm,0.0
lfbca,0.0
datasetcontains,0.0
andyelptoevaluatethepoi,0.0
rrlsmrt,0.0
kzgjktxgxzotherwise,0.0
projection,0.0
szzis,0.0
szzargzminmzqmrzargzminmzkm,0.0
zkfwzlnonwm,0.0
closed,0.0
ablefollowingthederivationinliuet,0.0
caser,0.0
albletmzszthenmmgjwzgjkzgjkgkzgjk,0.0
geopfm,0.0
weusetwodatasetsgowalla,0.0
timized,0.0
trast,0.0
lrtis,0.0
vex,0.0
zero,0.0
rlrtzrlpoiwzr,0.0
tzx,0.0
rlpoiwziztx,0.0
tions,0.0
lsmrtzzhtracerluserwrzkr,0.0
lore,0.0
linemethodsusg,0.0
yeet,0.0
lrtzzzrluserwrzkr,0.0
yzin,0.0
tis,0.0
tkfwzjrzrx,0.0
rafter,0.0
termediate,0.0
lrtzzzrlpoirzkr,0.0
tkfwrx,0.0
tzis,0.0
temporary,0.0
beginning,0.0
track,0.0
placeholder,0.0
keep,0.0
rep,0.0
tthat,0.0
tand,0.0
variables,0.0
resents,0.0
procedure,0.0
intermediate,0.0
lrtand,0.0
optimiza,0.0
ttkfwin,0.0
stable,0.0
recall,0.0
tin,0.0
rto,0.0
kxrk,0.0
complete,0.0
tgenerally,0.0
op,0.0
practice,0.0
tas,0.0
current,0.0
regarded,0.0
kx,0.0
timizedthesecondstepisthepoi,0.0
stepwherepoibased,0.0
eral,0.0
tare,0.0
gen,0.0
lpoirin,0.0
concretely,0.0
fine,0.0
challenges,-1.1640842403370137e-05
evaluated,-1.1640842403370137e-05
observe,-1.1640842403370137e-05
would,-1.1640842403370137e-05
tuning,-1.1640842403370137e-05
assume,-1.1640842403370137e-05
compare,-1.1640842403370137e-05
make,-1.1640842403370137e-05
every,-1.1640842403370137e-05
through,-1.1640842403370137e-05
including,-1.1640842403370137e-05
contains,-1.1640842403370137e-05
describe,-1.1640842403370137e-05
references,-1.1640842403370137e-05
yuan,-1.1640842403370137e-05
designed,-1.1640842403370137e-05
presents,-1.1640842403370137e-05
part,-1.1640842403370137e-05
introduction,-1.1640842403370137e-05
point,-1.1640842403370137e-05
related,-1.1640842403370137e-05
local,-1.1640842403370137e-05
gradient,-1.1640842403370137e-05
should,-1.1640842403370137e-05
improving,-1.1640842403370137e-05
abstract,-1.1640842403370137e-05
step,-1.1640842403370137e-05
types,-1.1640842403370137e-05
able,-1.1640842403370137e-05
importance,-1.1640842403370137e-05
no,-1.1640842403370137e-05
optimized,-1.1640842403370137e-05
need,-2.3281684806740275e-05
weights,-2.3281684806740275e-05
very,-2.3281684806740275e-05
after,-2.3281684806740275e-05
making,-2.3281684806740275e-05
too,-2.3281684806740275e-05
do,-2.3281684806740275e-05
line,-2.3281684806740275e-05
any,-2.3281684806740275e-05
become,-2.3281684806740275e-05
previous,-2.3281684806740275e-05
before,-2.3281684806740275e-05
next,-2.3281684806740275e-05
outperforms,-2.3281684806740275e-05
system,-2.3281684806740275e-05
smaller,-2.3281684806740275e-05
perform,-2.3281684806740275e-05
top,-2.3281684806740275e-05
various,-2.3281684806740275e-05
discuss,-2.3281684806740275e-05
was,-2.3281684806740275e-05
so,-2.3281684806740275e-05
about,-2.3281684806740275e-05
achieves,-3.492252721011041e-05
textual,-3.492252721011041e-05
dataset,-3.492252721011041e-05
given,-3.492252721011041e-05
new,-3.492252721011041e-05
well,-3.492252721011041e-05
following,-3.492252721011041e-05
many,-3.492252721011041e-05
predicted,-3.492252721011041e-05
first,-3.492252721011041e-05
stateoftheart,-3.492252721011041e-05
because,-3.492252721011041e-05
some,-3.492252721011041e-05
much,-4.656336961348055e-05
terms,-4.656336961348055e-05
weight,-4.656336961348055e-05
standard,-4.656336961348055e-05
small,-4.656336961348055e-05
note,-4.656336961348055e-05
experiments,-4.656336961348055e-05
optimization,-4.656336961348055e-05
other,-4.656336961348055e-05
target,-4.656336961348055e-05
parameter,-4.656336961348055e-05
when,-4.656336961348055e-05
best,-4.656336961348055e-05
existing,-4.656336961348055e-05
follows,-4.656336961348055e-05
propose,-4.656336961348055e-05
easily,-4.656336961348055e-05
setting,-5.8204212016850684e-05
uses,-5.8204212016850684e-05
into,-5.8204212016850684e-05
but,-5.8204212016850684e-05
recent,-5.8204212016850684e-05
paper,-5.8204212016850684e-05
set,-5.8204212016850684e-05
way,-5.8204212016850684e-05
above,-5.8204212016850684e-05
also,-5.8204212016850684e-05
natural,-5.8204212016850684e-05
key,-5.8204212016850684e-05
score,-5.8204212016850684e-05
results,-5.8204212016850684e-05
will,-5.8204212016850684e-05
university,-6.984505442022082e-05
factor,-6.984505442022082e-05
modeling,-6.984505442022082e-05
at,-6.984505442022082e-05
size,-6.984505442022082e-05
value,-6.984505442022082e-05
functions,-6.984505442022082e-05
shown,-6.984505442022082e-05
without,-6.984505442022082e-05
section,-6.984505442022082e-05
if,-6.984505442022082e-05
al,-6.984505442022082e-05
et,-6.984505442022082e-05
linear,-8.148589682359096e-05
based,-8.148589682359096e-05
there,-8.148589682359096e-05
both,-8.148589682359096e-05
see,-8.148589682359096e-05
them,-8.148589682359096e-05
table,-8.148589682359096e-05
task,-8.148589682359096e-05
vectors,-8.148589682359096e-05
three,-9.31267392269611e-05
research,-9.31267392269611e-05
example,-9.31267392269611e-05
zhang,-9.31267392269611e-05
similar,-9.31267392269611e-05
proposed,-0.00010476758163033124
over,-0.00010476758163033124
parameters,-0.00010476758163033124
however,-0.00010476758163033124
all,-0.00010476758163033124
information,-0.00011640842403370137
large,-0.00011640842403370137
most,-0.00011640842403370137
same,-0.00011640842403370137
training,-0.00011640842403370137
better,-0.00011640842403370137
use,-0.00012804926643707152
respectively,-0.00012804926643707152
used,-0.00012804926643707152
or,-0.00012804926643707152
its,-0.00012804926643707152
their,-0.00013969010884044164
show,-0.00013969010884044164
number,-0.00015133095124381178
method,-0.00015133095124381178
while,-0.00015133095124381178
they,-0.00015133095124381178
not,-0.00016297179364718192
only,-0.00016297179364718192
then,-0.00016297179364718192
between,-0.00017461263605055206
one,-0.00017461263605055206
matrix,-0.00019789432085729234
have,-0.00019789432085729234
such,-0.00020953516326066248
figure,-0.00020953516326066248
than,-0.00020953516326066248
been,-0.0002211760056640326
more,-0.0002211760056640326
each,-0.0002211760056640326
our,-0.00024445769047077285
where,-0.00024445769047077285
two,-0.00027938021768088327
an,-0.00030266190248762355
has,-0.0003143027448909937
are,-0.00032594358729436384
work,-0.00032594358729436384
models,-0.000337584429697734
which,-0.0003492252721011041
methods,-0.00038414779931121454
from,-0.0003957886417145847
latent,-0.0004423520113280652
function,-0.00046563369613480547
this,-0.0005121970657482861
data,-0.0005238379081516562
be,-0.0005471195929583965
performance,-0.0005587604353617665
can,-0.0006053238049752471
by,-0.0006053238049752471
learning,-0.0006169646473786172
it,-0.0006868097017988381
model,-0.0007100913866055783
on,-0.0007333730714123186
that,-0.0007682955986224291
with,-0.0009894716042864616
as,-0.0010476758163033124
in,-0.0012921335067740854
we,-0.001338696876387566
is,-0.0013852602460010463
for,-0.001781048887715631
to,-0.002130274159816735
and,-0.0028287247040189433
of,-0.0028520063888256837
the,-0.005215097396709821
,-0.008206793894375947
TotalCount,-0.09691001300805639
