,TFIDF4
ge,0.0017130522257132919
pois,0.0009695194253101392
cyclic,0.000965538527220219
locationbased,0.000965538527220219
poi,0.0009048847969561299
ges,0.0007163672943891948
edges,0.0007163672943891948
foursquare,0.0006540744861814388
location,0.0006229280820775607
dynamic,0.0005294888697659266
checkin,0.0004912231754904705
metric,0.00046719606155817047
yin,0.00046719606155817047
preferences,0.00045244239847806495
wij,0.0004360496574542925
slot,0.0004360496574542925
ffect,0.0004360496574542925
eij,0.0004360496574542925
joint,0.0004360496574542925
bipartite,0.0004360496574542925
fluence,0.0003737568492465364
poiword,0.0003737568492465364
vi,0.0003490269931116501
prmeg,0.00034261044514265833
poitime,0.00034261044514265833
realtime,0.00034261044514265833
poiregion,0.00034261044514265833
fig,0.00031146404103878035
poipoi,0.00031146404103878035
cold,0.00031146404103878035
patterns,0.0002973192904284427
daily,0.0002803176369349023
embed,0.0002803176369349023
jim,0.0002803176369349023
coldstart,0.00027146543908683897
accuracy,0.00027146543908683897
graphs,0.0002585385134160371
gowalla,0.0002585385134160371
lbsns,0.0002491712328310243
du,0.0002491712328310243
spatial,0.0002491712328310243
interval,0.0002491712328310243
manner,0.0002491712328310243
largescale,0.0002491712328310243
graphbased,0.0002326846620744334
influence,0.0002326846620744334
geosage,0.00021802482872714625
effectiveness,0.00021802482872714625
checkedin,0.00021802482872714625
vertices,0.00021802482872714625
content,0.00020683081073282966
words,0.00020683081073282966
update,0.0001868784246232682
cui,0.0001868784246232682
markov,0.0001868784246232682
vb,0.0001868784246232682
dimensional,0.0001868784246232682
svdfeature,0.0001868784246232682
region,0.00016805003372042412
slots,0.00016805003372042412
thus,0.00016805003372042412
impact,0.00016805003372042412
evv,0.00015573202051939018
timestamps,0.00015573202051939018
evw,0.00015573202051939018
evr,0.00015573202051939018
awareness,0.00015573202051939018
spatiotemporal,0.00015573202051939018
fied,0.00015573202051939018
unified,0.00015573202051939018
evt,0.00015573202051939018
heterogeneous,0.00015573202051939018
profile,0.00015573202051939018
prme,0.00015573202051939018
associated,0.00015573202051939018
word,0.00015512310804962227
capture,0.0001421961823788204
recommender,0.00012926925670801856
start,0.00012926925670801856
negative,0.00012926925670801856
va,0.00012458561641551214
captures,0.00012458561641551214
transition,0.00012458561641551214
mobile,0.00012458561641551214
overcome,0.00012458561641551214
studies,0.00012458561641551214
uni,0.00012458561641551214
recommending,0.00012458561641551214
hisher,0.00012458561641551214
personal,0.00012458561641551214
interests,0.00012458561641551214
checked,0.00012458561641551214
tj,0.00012458561641551214
weekly,0.00012458561641551214
denoted,0.00012458561641551214
fferent,0.00012458561641551214
lv,0.00012458561641551214
locations,0.00012458561641551214
lowdimension,0.00012458561641551214
ranking,0.0001163423310372167
vj,0.0001163423310372167
eg,0.0001163423310372167
samples,0.0001163423310372167
sampling,0.0001163423310372167
eq,0.0001163423310372167
latest,0.0001163423310372167
learnt,0.0001163423310372167
visited,0.0001163423310372167
checkins,0.00010341540536641483
address,0.00010341540536641483
ie,0.00010341540536641483
sample,0.00010341540536641483
vertex,0.00010341540536641483
restaurant,9.34392123116341e-05
wv,9.34392123116341e-05
activities,9.34392123116341e-05
superiority,9.34392123116341e-05
timestamp,9.34392123116341e-05
spaces,9.34392123116341e-05
showing,9.34392123116341e-05
acck,9.34392123116341e-05
timeaware,9.34392123116341e-05
gvr,9.34392123116341e-05
recommenda,9.34392123116341e-05
record,9.34392123116341e-05
su,9.34392123116341e-05
jan,9.34392123116341e-05
mobility,9.34392123116341e-05
hitk,9.34392123116341e-05
ed,9.34392123116341e-05
benefits,9.34392123116341e-05
dtest,9.34392123116341e-05
copies,9.34392123116341e-05
integrate,9.34392123116341e-05
accurately,9.34392123116341e-05
capturing,9.34392123116341e-05
timedecay,9.34392123116341e-05
whole,9.34392123116341e-05
signi,9.34392123116341e-05
gvw,9.34392123116341e-05
gvv,9.34392123116341e-05
retraining,9.34392123116341e-05
gvt,9.34392123116341e-05
correlation,9.34392123116341e-05
promptly,9.34392123116341e-05
weekdayweekend,9.34392123116341e-05
collection,9.34392123116341e-05
mining,9.34392123116341e-05
incorporated,9.34392123116341e-05
exploiting,9.048847969561299e-05
definition,9.048847969561299e-05
kdd,9.048847969561299e-05
pointofinterest,9.048847969561299e-05
support,7.756155402481113e-05
recently,7.756155402481113e-05
topk,7.756155402481113e-05
besides,7.756155402481113e-05
representations,7.756155402481113e-05
query,7.756155402481113e-05
defined,7.756155402481113e-05
side,7.756155402481113e-05
hu,7.756155402481113e-05
collaborative,7.756155402481113e-05
rank,7.756155402481113e-05
techniques,6.463462835400928e-05
us,6.463462835400928e-05
made,6.463462835400928e-05
requires,6.463462835400928e-05
track,6.463462835400928e-05
real,6.463462835400928e-05
means,6.463462835400928e-05
specifically,6.463462835400928e-05
often,6.463462835400928e-05
therefore,6.463462835400928e-05
visit,6.463462835400928e-05
records,6.463462835400928e-05
still,6.463462835400928e-05
generative,6.463462835400928e-05
draw,6.463462835400928e-05
important,6.463462835400928e-05
otherwise,6.463462835400928e-05
filtering,6.463462835400928e-05
tang,6.463462835400928e-05
acm,6.463462835400928e-05
developed,6.463462835400928e-05
probability,6.463462835400928e-05
potential,6.463462835400928e-05
contextaware,6.463462835400928e-05
generic,6.463462835400928e-05
list,6.463462835400928e-05
fits,6.229280820775607e-05
movements,6.229280820775607e-05
poicontent,6.229280820775607e-05
bene,6.229280820775607e-05
chinese,6.229280820775607e-05
ease,6.229280820775607e-05
software,6.229280820775607e-05
sciences,6.229280820775607e-05
gegesgesges,6.229280820775607e-05
appears,6.229280820775607e-05
proportional,6.229280820775607e-05
reduce,6.229280820775607e-05
distinguishes,6.229280820775607e-05
ovt,6.229280820775607e-05
academy,6.229280820775607e-05
cong,6.229280820775607e-05
embeds,6.229280820775607e-05
increases,6.229280820775607e-05
sensitive,6.229280820775607e-05
pi,6.229280820775607e-05
exponential,6.229280820775607e-05
contents,6.229280820775607e-05
aaai,6.229280820775607e-05
twitter,6.229280820775607e-05
highest,6.229280820775607e-05
trans,6.229280820775607e-05
inf,6.229280820775607e-05
syst,6.229280820775607e-05
fficient,6.229280820775607e-05
sep,6.229280820775607e-05
lcars,6.229280820775607e-05
know,6.229280820775607e-05
leveraging,6.229280820775607e-05
people,6.229280820775607e-05
communication,6.229280820775607e-05
create,6.229280820775607e-05
researchers,6.229280820775607e-05
straightforwardly,6.229280820775607e-05
lyu,6.229280820775607e-05
quickly,6.229280820775607e-05
rapid,6.229280820775607e-05
tt,6.229280820775607e-05
recsys,6.229280820775607e-05
chainbased,6.229280820775607e-05
school,6.229280820775607e-05
ovr,6.229280820775607e-05
go,6.229280820775607e-05
definitions,6.229280820775607e-05
dynamics,6.229280820775607e-05
identifier,6.229280820775607e-05
entire,6.229280820775607e-05
illustration,6.229280820775607e-05
profiles,6.229280820775607e-05
fication,6.229280820775607e-05
fee,6.229280820775607e-05
ovv,6.229280820775607e-05
longitude,6.229280820775607e-05
ficantly,6.229280820775607e-05
unvisited,6.229280820775607e-05
constants,6.229280820775607e-05
permission,6.229280820775607e-05
digital,6.229280820775607e-05
wi,6.229280820775607e-05
degi,6.229280820775607e-05
located,6.229280820775607e-05
encode,6.229280820775607e-05
playlist,6.229280820775607e-05
sightseeing,6.229280820775607e-05
toolkit,6.229280820775607e-05
chain,6.229280820775607e-05
latitude,6.229280820775607e-05
distributed,6.229280820775607e-05
prior,6.229280820775607e-05
pvjvi,6.229280820775607e-05
stand,6.229280820775607e-05
im,6.229280820775607e-05
pvi,6.229280820775607e-05
fic,6.229280820775607e-05
speci,6.229280820775607e-05
embedded,6.229280820775607e-05
hard,6.229280820775607e-05
logpvjvi,6.229280820775607e-05
dvj,6.229280820775607e-05
roles,6.229280820775607e-05
consecutiveness,6.229280820775607e-05
movies,6.229280820775607e-05
properties,6.229280820775607e-05
sadiq,6.229280820775607e-05
removing,6.229280820775607e-05
ex,6.229280820775607e-05
homogeneous,6.229280820775607e-05
integrates,6.229280820775607e-05
qu,6.229280820775607e-05
mei,6.229280820775607e-05
cities,6.229280820775607e-05
accuracyk,6.229280820775607e-05
ye,6.229280820775607e-05
playlists,6.229280820775607e-05
wc,6.229280820775607e-05
great,6.229280820775607e-05
investigates,6.229280820775607e-05
document,6.229280820775607e-05
competitor,6.229280820775607e-05
nm,6.229280820775607e-05
reports,6.229280820775607e-05
scenario,6.229280820775607e-05
nodes,6.229280820775607e-05
ovw,6.229280820775607e-05
valuable,6.229280820775607e-05
simplified,6.229280820775607e-05
consistently,6.229280820775607e-05
euclidean,6.229280820775607e-05
classi,6.229280820775607e-05
gesvdfeaturejimprmeggeosage,6.229280820775607e-05
sets,5.1707702683207416e-05
select,5.1707702683207416e-05
critical,5.1707702683207416e-05
via,5.1707702683207416e-05
variants,5.1707702683207416e-05
conditional,5.1707702683207416e-05
analysis,5.1707702683207416e-05
di,5.1707702683207416e-05
complexity,5.1707702683207416e-05
lee,5.1707702683207416e-05
exhibit,5.1707702683207416e-05
consider,5.1707702683207416e-05
rd,5.1707702683207416e-05
low,5.1707702683207416e-05
novel,5.1707702683207416e-05
find,5.1707702683207416e-05
studied,5.1707702683207416e-05
issue,5.1707702683207416e-05
day,5.1707702683207416e-05
ranked,5.1707702683207416e-05
online,5.1707702683207416e-05
distribution,5.1707702683207416e-05
music,5.1707702683207416e-05
brought,5.1707702683207416e-05
behaviors,5.1707702683207416e-05
physical,3.878077701240557e-05
days,3.878077701240557e-05
long,3.878077701240557e-05
except,3.878077701240557e-05
tion,3.878077701240557e-05
play,3.878077701240557e-05
media,3.878077701240557e-05
ground,3.878077701240557e-05
log,3.878077701240557e-05
define,3.878077701240557e-05
cost,3.878077701240557e-05
current,3.878077701240557e-05
drop,3.878077701240557e-05
called,3.878077701240557e-05
science,3.878077701240557e-05
significant,3.878077701240557e-05
personalized,3.878077701240557e-05
within,3.878077701240557e-05
explore,3.878077701240557e-05
exploit,3.878077701240557e-05
basic,3.878077701240557e-05
normal,3.878077701240557e-05
increasing,3.878077701240557e-05
introduce,3.878077701240557e-05
additive,3.878077701240557e-05
showed,3.878077701240557e-05
truth,3.878077701240557e-05
activity,3.878077701240557e-05
multiple,3.878077701240557e-05
jointly,3.878077701240557e-05
map,3.878077701240557e-05
especially,3.878077701240557e-05
conduct,3.878077701240557e-05
item,3.878077701240557e-05
extensive,3.878077701240557e-05
relational,3.878077701240557e-05
adopt,3.878077701240557e-05
simultaneously,3.878077701240557e-05
pviover,3.1146404103878035e-05
defines,3.1146404103878035e-05
page,3.1146404103878035e-05
vk,3.1146404103878035e-05
expv,3.1146404103878035e-05
cutoff,3.1146404103878035e-05
going,3.1146404103878035e-05
hand,3.1146404103878035e-05
picking,3.1146404103878035e-05
sparser,3.1146404103878035e-05
denser,3.1146404103878035e-05
divided,3.1146404103878035e-05
lyzed,3.1146404103878035e-05
lenges,3.1146404103878035e-05
concerns,3.1146404103878035e-05
competitors,3.1146404103878035e-05
transform,3.1146404103878035e-05
suggested,3.1146404103878035e-05
parentingrelated,3.1146404103878035e-05
pviclose,3.1146404103878035e-05
rj,3.1146404103878035e-05
exists,3.1146404103878035e-05
nice,3.1146404103878035e-05
cy,3.1146404103878035e-05
jd,3.1146404103878035e-05
owned,3.1146404103878035e-05
interpretation,3.1146404103878035e-05
diverse,3.1146404103878035e-05
opposite,3.1146404103878035e-05
thalmann,3.1146404103878035e-05
classic,3.1146404103878035e-05
validate,3.1146404103878035e-05
ffice,3.1146404103878035e-05
response,3.1146404103878035e-05
wwhile,3.1146404103878035e-05
suppor,3.1146404103878035e-05
honored,3.1146404103878035e-05
considered,3.1146404103878035e-05
ordering,3.1146404103878035e-05
helps,3.1146404103878035e-05
chal,3.1146404103878035e-05
doi,3.1146404103878035e-05
pensive,3.1146404103878035e-05
copyrights,3.1146404103878035e-05
ffort,3.1146404103878035e-05
predefined,3.1146404103878035e-05
movement,3.1146404103878035e-05
privacy,3.1146404103878035e-05
isbn,3.1146404103878035e-05
permissionsacmorg,3.1146404103878035e-05
logpvivj,3.1146404103878035e-05
dinner,3.1146404103878035e-05
countries,3.1146404103878035e-05
ping,3.1146404103878035e-05
expvj,3.1146404103878035e-05
ivj,3.1146404103878035e-05
ignore,3.1146404103878035e-05
baby,3.1146404103878035e-05
ifferent,3.1146404103878035e-05
secondly,3.1146404103878035e-05
permissions,3.1146404103878035e-05
request,3.1146404103878035e-05
recomm,3.1146404103878035e-05
endation,3.1146404103878035e-05
ionbased,3.1146404103878035e-05
acquisition,3.1146404103878035e-05
wireless,3.1146404103878035e-05
lose,3.1146404103878035e-05
calculating,3.1146404103878035e-05
amusement,3.1146404103878035e-05
sigspatial,3.1146404103878035e-05
idpvipvi,3.1146404103878035e-05
five,3.1146404103878035e-05
disparity,3.1146404103878035e-05
hotels,3.1146404103878035e-05
profilefor,3.1146404103878035e-05
visits,3.1146404103878035e-05
tuple,3.1146404103878035e-05
expe,3.1146404103878035e-05
prunes,3.1146404103878035e-05
jin,3.1146404103878035e-05
viva,3.1146404103878035e-05
below,3.1146404103878035e-05
gives,3.1146404103878035e-05
indicate,3.1146404103878035e-05
frequency,3.1146404103878035e-05
access,3.1146404103878035e-05
computationally,3.1146404103878035e-05
vjjvb,3.1146404103878035e-05
ana,3.1146404103878035e-05
incorpora,3.1146404103878035e-05
granted,3.1146404103878035e-05
citation,3.1146404103878035e-05
classroom,3.1146404103878035e-05
servers,3.1146404103878035e-05
kldivergence,3.1146404103878035e-05
dom,3.1146404103878035e-05
post,3.1146404103878035e-05
provided,3.1146404103878035e-05
life,3.1146404103878035e-05
restaurants,3.1146404103878035e-05
nonuniform,3.1146404103878035e-05
stores,3.1146404103878035e-05
disjoint,3.1146404103878035e-05
tracking,3.1146404103878035e-05
ribution,3.1146404103878035e-05
profit,3.1146404103878035e-05
plagues,3.1146404103878035e-05
business,3.1146404103878035e-05
experiences,3.1146404103878035e-05
emerged,3.1146404103878035e-05
tends,3.1146404103878035e-05
viiva,3.1146404103878035e-05
park,3.1146404103878035e-05
vices,3.1146404103878035e-05
crucial,3.1146404103878035e-05
commercial,3.1146404103878035e-05
pointof,3.1146404103878035e-05
rimental,3.1146404103878035e-05
fastdevelo,3.1146404103878035e-05
exhibits,3.1146404103878035e-05
notice,3.1146404103878035e-05
bear,3.1146404103878035e-05
dist,3.1146404103878035e-05
measurement,3.1146404103878035e-05
pr,3.1146404103878035e-05
safety,3.1146404103878035e-05
sen,3.1146404103878035e-05
fanjiang,3.1146404103878035e-05
wchenuqeduau,3.1146404103878035e-05
traditional,3.1146404103878035e-05
delivering,3.1146404103878035e-05
discretized,3.1146404103878035e-05
vs,3.1146404103878035e-05
represen,3.1146404103878035e-05
etc,3.1146404103878035e-05
hyin,3.1146404103878035e-05
involve,3.1146404103878035e-05
griffith,3.1146404103878035e-05
ffers,3.1146404103878035e-05
report,3.1146404103878035e-05
semantically,3.1146404103878035e-05
cinema,3.1146404103878035e-05
laborator,3.1146404103878035e-05
presentation,3.1146404103878035e-05
queensland,3.1146404103878035e-05
uniquely,3.1146404103878035e-05
identi,3.1146404103878035e-05
smart,3.1146404103878035e-05
sorted,3.1146404103878035e-05
tionbased,3.1146404103878035e-05
remainder,3.1146404103878035e-05
dations,3.1146404103878035e-05
ffectiveness,3.1146404103878035e-05
organized,3.1146404103878035e-05
arrive,3.1146404103878035e-05
commercially,3.1146404103878035e-05
integratedlearning,3.1146404103878035e-05
notation,3.1146404103878035e-05
incorporation,3.1146404103878035e-05
hongzhi,3.1146404103878035e-05
indianapolis,3.1146404103878035e-05
watch,3.1146404103878035e-05
pm,3.1146404103878035e-05
bar,3.1146404103878035e-05
regularity,3.1146404103878035e-05
intents,3.1146404103878035e-05
loopt,3.1146404103878035e-05
facebook,3.1146404103878035e-05
redistribute,3.1146404103878035e-05
oved,3.1146404103878035e-05
weitong,3.1146404103878035e-05
proliferation,3.1146404103878035e-05
dramatic,3.1146404103878035e-05
devices,3.1146404103878035e-05
loca,3.1146404103878035e-05
namically,3.1146404103878035e-05
regularly,3.1146404103878035e-05
extreme,3.1146404103878035e-05
attractive,3.1146404103878035e-05
wanghao,3.1146404103878035e-05
playground,3.1146404103878035e-05
fanjiangiscasaccn,3.1146404103878035e-05
senwanggmailcom,3.1146404103878035e-05
fairly,3.1146404103878035e-05
prevalence,3.1146404103878035e-05
severe,3.1146404103878035e-05
engineer,3.1146404103878035e-05
electrical,3.1146404103878035e-05
physically,3.1146404103878035e-05
whrrl,3.1146404103878035e-05
concludes,3.1146404103878035e-05
ofpoiembedding,3.1146404103878035e-05
targeted,3.1146404103878035e-05
primary,3.1146404103878035e-05
variation,3.1146404103878035e-05
neglect,3.1146404103878035e-05
causing,3.1146404103878035e-05
ul,3.1146404103878035e-05
tune,3.1146404103878035e-05
eliminate,3.1146404103878035e-05
approachusing,3.1146404103878035e-05
remove,3.1146404103878035e-05
flexible,3.1146404103878035e-05
airports,3.1146404103878035e-05
percentile,3.1146404103878035e-05
dividing,3.1146404103878035e-05
producing,3.1146404103878035e-05
fields,3.1146404103878035e-05
trategies,3.1146404103878035e-05
dings,3.1146404103878035e-05
recommendationgiven,3.1146404103878035e-05
methodology,3.1146404103878035e-05
union,3.1146404103878035e-05
investigatedin,3.1146404103878035e-05
formallydefine,3.1146404103878035e-05
poiimage,3.1146404103878035e-05
mentioning,3.1146404103878035e-05
heshe,3.1146404103878035e-05
interpret,3.1146404103878035e-05
tfidf,3.1146404103878035e-05
desktop,3.1146404103878035e-05
bag,3.1146404103878035e-05
wvin,3.1146404103878035e-05
researches,3.1146404103878035e-05
proposals,3.1146404103878035e-05
heterogenous,3.1146404103878035e-05
verifies,3.1146404103878035e-05
lme,3.1146404103878035e-05
tag,3.1146404103878035e-05
advertisers,3.1146404103878035e-05
nces,3.1146404103878035e-05
ffer,3.1146404103878035e-05
delay,3.1146404103878035e-05
advertisements,3.1146404103878035e-05
rerunning,3.1146404103878035e-05
disability,3.1146404103878035e-05
prefere,3.1146404103878035e-05
sp,3.1146404103878035e-05
respond,3.1146404103878035e-05
launch,3.1146404103878035e-05
immediately,3.1146404103878035e-05
xiemin,3.1146404103878035e-05
mender,3.1146404103878035e-05
dict,3.1146404103878035e-05
principally,3.1146404103878035e-05
activitya,3.1146404103878035e-05
supporting,3.1146404103878035e-05
incapable,3.1146404103878035e-05
almost,3.1146404103878035e-05
overwhelmed,3.1146404103878035e-05
category,3.1146404103878035e-05
arsity,3.1146404103878035e-05
division,3.1146404103878035e-05
firstly,3.1146404103878035e-05
strategically,3.1146404103878035e-05
lunch,3.1146404103878035e-05
satisfactory,3.1146404103878035e-05
night,3.1146404103878035e-05
dtrain,3.1146404103878035e-05
querying,3.1146404103878035e-05
site,3.1146404103878035e-05
noise,3.1146404103878035e-05
ied,3.1146404103878035e-05
validates,3.1146404103878035e-05
comparative,3.1146404103878035e-05
cb,3.1146404103878035e-05
award,3.1146404103878035e-05
researcher,3.1146404103878035e-05
career,3.1146404103878035e-05
discovery,3.1146404103878035e-05
arc,3.1146404103878035e-05
pp,3.1146404103878035e-05
portance,3.1146404103878035e-05
shao,3.1146404103878035e-05
young,3.1146404103878035e-05
principled,3.1146404103878035e-05
company,3.1146404103878035e-05
unify,3.1146404103878035e-05
outstanding,3.1146404103878035e-05
joachims,3.1146404103878035e-05
mach,3.1146404103878035e-05
comparable,3.1146404103878035e-05
fa,3.1146404103878035e-05
effects,3.1146404103878035e-05
ctors,3.1146404103878035e-05
pvitj,3.1146404103878035e-05
wsum,3.1146404103878035e-05
pe,3.1146404103878035e-05
wwwe,3.1146404103878035e-05
dilem,3.1146404103878035e-05
ploits,3.1146404103878035e-05
precedes,3.1146404103878035e-05
crow,3.1146404103878035e-05
nguyen,3.1146404103878035e-05
nonuniformness,3.1146404103878035e-05
holistically,3.1146404103878035e-05
tendency,3.1146404103878035e-05
sensitivity,3.1146404103878035e-05
adapting,3.1146404103878035e-05
routines,3.1146404103878035e-05
drift,3.1146404103878035e-05
matter,3.1146404103878035e-05
chee,3.1146404103878035e-05
ahmed,3.1146404103878035e-05
footprints,3.1146404103878035e-05
smola,3.1146404103878035e-05
zhao,3.1146404103878035e-05
bylearning,3.1146404103878035e-05
rui,3.1146404103878035e-05
edition,3.1146404103878035e-05
publishing,3.1146404103878035e-05
collected,3.1146404103878035e-05
uviidui,3.1146404103878035e-05
userid,3.1146404103878035e-05
poiid,3.1146404103878035e-05
poilocation,3.1146404103878035e-05
histories,3.1146404103878035e-05
howev,3.1146404103878035e-05
er,3.1146404103878035e-05
format,3.1146404103878035e-05
public,3.1146404103878035e-05
reasonable,3.1146404103878035e-05
millions,3.1146404103878035e-05
turnbull,3.1146404103878035e-05
dtestis,3.1146404103878035e-05
deploy,3.1146404103878035e-05
welltuned,3.1146404103878035e-05
miss,3.1146404103878035e-05
verified,3.1146404103878035e-05
degenerates,3.1146404103878035e-05
porates,3.1146404103878035e-05
bedding,3.1146404103878035e-05
cooccurrence,3.1146404103878035e-05
wordofmouth,3.1146404103878035e-05
ds,3.1146404103878035e-05
process,3.1146404103878035e-05
simulates,3.1146404103878035e-05
beyond,3.1146404103878035e-05
ting,3.1146404103878035e-05
robustness,3.1146404103878035e-05
ravi,3.1146404103878035e-05
sults,3.1146404103878035e-05
greater,3.1146404103878035e-05
foursqaure,3.1146404103878035e-05
pvirj,3.1146404103878035e-05
mar,3.1146404103878035e-05
talent,3.1146404103878035e-05
tech,3.1146404103878035e-05
feb,3.1146404103878035e-05
smoothly,3.1146404103878035e-05
span,3.1146404103878035e-05
tracks,3.1146404103878035e-05
httpssitesgooglecomsitedbhongzhi,3.1146404103878035e-05
live,3.1146404103878035e-05
alternatively,3.1146404103878035e-05
decay,3.1146404103878035e-05
summarize,3.1146404103878035e-05
niques,3.1146404103878035e-05
sui,3.1146404103878035e-05
caverlee,3.1146404103878035e-05
ijcai,3.1146404103878035e-05
zeng,3.1146404103878035e-05
cfbased,3.1146404103878035e-05
enough,3.1146404103878035e-05
vand,3.1146404103878035e-05
oct,3.1146404103878035e-05
locat,3.1146404103878035e-05
whi,3.1146404103878035e-05
spatiotem,3.1146404103878035e-05
abstracting,3.1146404103878035e-05
thirdly,3.1146404103878035e-05
administrative,3.1146404103878035e-05
orand,3.1146404103878035e-05
republish,3.1146404103878035e-05
copy,3.1146404103878035e-05
sed,3.1146404103878035e-05
divisions,3.1146404103878035e-05
vin,3.1146404103878035e-05
suburbs,3.1146404103878035e-05
permitted,3.1146404103878035e-05
dis,3.1146404103878035e-05
credit,3.1146404103878035e-05
dynamically,3.1146404103878035e-05
ject,3.1146404103878035e-05
stronger,3.1146404103878035e-05
technologies,3.1146404103878035e-05
encodes,3.1146404103878035e-05
belongs,3.1146404103878035e-05
sq,3.1146404103878035e-05
exp,3.1146404103878035e-05
exceeds,3.1146404103878035e-05
ran,3.1146404103878035e-05
explode,3.1146404103878035e-05
me,3.1146404103878035e-05
collectively,3.1146404103878035e-05
alias,3.1146404103878035e-05
userba,3.1146404103878035e-05
iter,3.1146404103878035e-05
falls,3.1146404103878035e-05
representing,3.1146404103878035e-05
crawling,3.1146404103878035e-05
interact,3.1146404103878035e-05
veloped,3.1146404103878035e-05
beco,3.1146404103878035e-05
stored,3.1146404103878035e-05
ignores,3.1146404103878035e-05
versatile,3.1146404103878035e-05
analysing,3.1146404103878035e-05
enables,3.1146404103878035e-05
beats,3.1146404103878035e-05
expx,3.1146404103878035e-05
res,3.1146404103878035e-05
york,3.1146404103878035e-05
program,3.1146404103878035e-05
good,3.1146404103878035e-05
asynchronous,3.1146404103878035e-05
outdegree,3.1146404103878035e-05
pnv,3.1146404103878035e-05
evnpnvlogvn,3.1146404103878035e-05
pviwj,3.1146404103878035e-05
logvj,3.1146404103878035e-05
specifies,3.1146404103878035e-05
asgd,3.1146404103878035e-05
proved,3.1146404103878035e-05
wsumto,3.1146404103878035e-05
wj,3.1146404103878035e-05
merging,3.1146404103878035e-05
locationcontentaware,3.1146404103878035e-05
incor,3.1146404103878035e-05
leverages,3.1146404103878035e-05
parallelizing,3.1146404103878035e-05
eyes,3.1146404103878035e-05
alleviate,3.1146404103878035e-05
lockfree,3.1146404103878035e-05
tively,3.1146404103878035e-05
tern,3.1146404103878035e-05
cally,3.1146404103878035e-05
jointl,3.1146404103878035e-05
niu,3.1146404103878035e-05
recht,3.1146404103878035e-05
compositionality,3.1146404103878035e-05
leading,3.1146404103878035e-05
phrases,3.1146404103878035e-05
satisfying,3.1146404103878035e-05
mikolov,3.1146404103878035e-05
posts,3.1146404103878035e-05
sdm,3.1146404103878035e-05
converged,3.1146404103878035e-05
internet,3.1146404103878035e-05
phenomenon,3.1146404103878035e-05
resulted,3.1146404103878035e-05
wjthe,3.1146404103878035e-05
cor,3.1146404103878035e-05
itemtoitem,3.1146404103878035e-05
janowicz,3.1146404103878035e-05
pte,3.1146404103878035e-05
technique,3.1146404103878035e-05
shou,3.1146404103878035e-05
aggregated,3.1146404103878035e-05
relat,3.1146404103878035e-05
respec,3.1146404103878035e-05
gesvdfeaturejimgeosage,3.1146404103878035e-05
bot,3.1146404103878035e-05
sidering,3.1146404103878035e-05
ffectively,3.1146404103878035e-05
unifi,3.1146404103878035e-05
conclusions,3.1146404103878035e-05
turned,3.1146404103878035e-05
ate,3.1146404103878035e-05
deteriorate,3.1146404103878035e-05
drastically,3.1146404103878035e-05
degrees,3.1146404103878035e-05
ficant,3.1146404103878035e-05
lda,3.1146404103878035e-05
wright,3.1146404103878035e-05
springer,3.1146404103878035e-05
dl,3.1146404103878035e-05
captured,3.1146404103878035e-05
down,3.1146404103878035e-05
scheme,3.1146404103878035e-05
trade,3.1146404103878035e-05
needed,3.1146404103878035e-05
hogwild,3.1146404103878035e-05
allevi,3.1146404103878035e-05
amazoncom,3.1146404103878035e-05
linden,3.1146404103878035e-05
poral,3.1146404103878035e-05
multiheterogenous,3.1146404103878035e-05
kinds,3.1146404103878035e-05
fluences,3.1146404103878035e-05
moore,3.1146404103878035e-05
pat,3.1146404103878035e-05
prove,3.1146404103878035e-05
bk,3.1146404103878035e-05
ffects,3.1146404103878035e-05
jiangsu,3.1146404103878035e-05
firstorder,3.1146404103878035e-05
jq,3.1146404103878035e-05
omitting,3.1146404103878035e-05
iscas,3.1146404103878035e-05
icwsm,3.1146404103878035e-05
incapability,3.1146404103878035e-05
noticed,3.1146404103878035e-05
ago,3.1146404103878035e-05
attracted,3.1146404103878035e-05
tags,3.1146404103878035e-05
responds,3.1146404103878035e-05
week,3.1146404103878035e-05
uniformness,3.1146404103878035e-05
dynami,3.1146404103878035e-05
non,3.1146404103878035e-05
provide,2.5853851341603708e-05
discrete,2.5853851341603708e-05
exploited,2.5853851341603708e-05
coordinates,2.5853851341603708e-05
challenge,2.5853851341603708e-05
sequence,2.5853851341603708e-05
others,2.5853851341603708e-05
check,2.5853851341603708e-05
role,2.5853851341603708e-05
general,2.5853851341603708e-05
cannot,2.5853851341603708e-05
behind,2.5853851341603708e-05
fail,2.5853851341603708e-05
xu,2.5853851341603708e-05
author,2.5853851341603708e-05
ing,2.5853851341603708e-05
proposal,2.5853851341603708e-05
structures,2.5853851341603708e-05
sequentially,2.5853851341603708e-05
explored,2.5853851341603708e-05
lists,2.5853851341603708e-05
takes,2.5853851341603708e-05
precisely,2.5853851341603708e-05
taking,2.5853851341603708e-05
keep,2.5853851341603708e-05
changing,2.5853851341603708e-05
integrating,2.5853851341603708e-05
aim,2.5853851341603708e-05
expensive,2.5853851341603708e-05
visiting,2.5853851341603708e-05
successive,2.5853851341603708e-05
minimize,2.5853851341603708e-05
exploits,2.5853851341603708e-05
improvement,2.5853851341603708e-05
featurebased,2.5853851341603708e-05
yang,2.5853851341603708e-05
adopted,2.5853851341603708e-05
experiment,2.5853851341603708e-05
updating,2.5853851341603708e-05
gradients,2.5853851341603708e-05
wrt,2.5853851341603708e-05
none,2.5853851341603708e-05
issues,2.5853851341603708e-05
logistic,2.5853851341603708e-05
choose,2.5853851341603708e-05
feng,2.5853851341603708e-05
recom,2.5853851341603708e-05
institute,2.5853851341603708e-05
statistics,2.5853851341603708e-05
state,2.5853851341603708e-05
dv,2.5853851341603708e-05
sigir,2.5853851341603708e-05
aspect,2.5853851341603708e-05
mainly,2.5853851341603708e-05
comparing,2.5853851341603708e-05
australia,2.5853851341603708e-05
efficient,2.5853851341603708e-05
rather,2.5853851341603708e-05
notations,2.5853851341603708e-05
points,2.5853851341603708e-05
cikm,2.5853851341603708e-05
tend,2.5853851341603708e-05
incorporate,2.5853851341603708e-05
development,2.5853851341603708e-05
utilizing,2.5853851341603708e-05
average,2.5853851341603708e-05
generating,2.5853851341603708e-05
interested,2.5853851341603708e-05
contain,2.5853851341603708e-05
am,2.5853851341603708e-05
calculated,2.5853851341603708e-05
userpoi,2.5853851341603708e-05
world,2.5853851341603708e-05
goal,2.5853851341603708e-05
overall,2.5853851341603708e-05
fact,2.5853851341603708e-05
focused,2.5853851341603708e-05
king,2.5853851341603708e-05
sites,2.5853851341603708e-05
provides,2.5853851341603708e-05
re,2.5853851341603708e-05
advantage,2.5853851341603708e-05
movie,2.5853851341603708e-05
calculate,2.5853851341603708e-05
becomes,2.5853851341603708e-05
vocabulary,1.2926925670801854e-05
relation,1.2926925670801854e-05
itembased,1.2926925670801854e-05
generalized,1.2926925670801854e-05
strategies,1.2926925670801854e-05
domain,1.2926925670801854e-05
automatically,1.2926925670801854e-05
multimedia,1.2926925670801854e-05
vu,1.2926925670801854e-05
hao,1.2926925670801854e-05
hits,1.2926925670801854e-05
semantics,1.2926925670801854e-05
gradually,1.2926925670801854e-05
degrade,1.2926925670801854e-05
sigmoid,1.2926925670801854e-05
investigated,1.2926925670801854e-05
attributes,1.2926925670801854e-05
additionally,1.2926925670801854e-05
partially,1.2926925670801854e-05
httpdxdoiorg,1.2926925670801854e-05
fused,1.2926925670801854e-05
services,1.2926925670801854e-05
intuitive,1.2926925670801854e-05
tried,1.2926925670801854e-05
reveals,1.2926925670801854e-05
strategy,1.2926925670801854e-05
represents,1.2926925670801854e-05
mendation,1.2926925670801854e-05
largely,1.2926925670801854e-05
sutskever,1.2926925670801854e-05
lore,1.2926925670801854e-05
song,1.2926925670801854e-05
decreases,1.2926925670801854e-05
naturally,1.2926925670801854e-05
decisionmaking,1.2926925670801854e-05
finally,1.2926925670801854e-05
visual,1.2926925670801854e-05
attribute,1.2926925670801854e-05
variable,1.2926925670801854e-05
ignored,1.2926925670801854e-05
web,1.2926925670801854e-05
plays,1.2926925670801854e-05
unit,1.2926925670801854e-05
needs,1.2926925670801854e-05
intuitively,1.2926925670801854e-05
engineering,1.2926925670801854e-05
st,1.2926925670801854e-05
relatively,1.2926925670801854e-05
updates,1.2926925670801854e-05
geomf,1.2926925670801854e-05
con,1.2926925670801854e-05
effective,1.2926925670801854e-05
caused,1.2926925670801854e-05
plan,1.2926925670801854e-05
ding,1.2926925670801854e-05
sharing,1.2926925670801854e-05
ester,1.2926925670801854e-05
corrado,1.2926925670801854e-05
pro,1.2926925670801854e-05
emerging,1.2926925670801854e-05
near,1.2926925670801854e-05
purchasing,1.2926925670801854e-05
validation,1.2926925670801854e-05
publicly,1.2926925670801854e-05
scalable,1.2926925670801854e-05
lowdimensional,1.2926925670801854e-05
discover,1.2926925670801854e-05
addressing,1.2926925670801854e-05
indicating,1.2926925670801854e-05
reviews,1.2926925670801854e-05
formulation,1.2926925670801854e-05
treated,1.2926925670801854e-05
timeconsuming,1.2926925670801854e-05
failing,1.2926925670801854e-05
popular,1.2926925670801854e-05
dy,1.2926925670801854e-05
conducted,1.2926925670801854e-05
incorporating,1.2926925670801854e-05
leverage,1.2926925670801854e-05
retrieval,1.2926925670801854e-05
trend,1.2926925670801854e-05
far,1.2926925670801854e-05
demonstrate,1.2926925670801854e-05
indicates,1.2926925670801854e-05
hit,1.2926925670801854e-05
later,1.2926925670801854e-05
either,1.2926925670801854e-05
equation,1.2926925670801854e-05
stated,1.2926925670801854e-05
averaging,1.2926925670801854e-05
varies,1.2926925670801854e-05
popularity,1.2926925670801854e-05
noisy,1.2926925670801854e-05
minimizing,1.2926925670801854e-05
assuming,1.2926925670801854e-05
deal,1.2926925670801854e-05
features,1.2926925670801854e-05
lu,1.2926925670801854e-05
effort,1.2926925670801854e-05
reducing,1.2926925670801854e-05
corresponds,1.2926925670801854e-05
computing,1.2926925670801854e-05
previously,1.2926925670801854e-05
dec,1.2926925670801854e-05
latter,1.2926925670801854e-05
facilitate,1.2926925670801854e-05
massive,1.2926925670801854e-05
variety,1.2926925670801854e-05
efficiency,1.2926925670801854e-05
fundamental,1.2926925670801854e-05
dominant,1.2926925670801854e-05
min,1.2926925670801854e-05
typically,1.2926925670801854e-05
choices,1.2926925670801854e-05
you,1.2926925670801854e-05
wise,1.2926925670801854e-05
sentences,1.2926925670801854e-05
depend,1.2926925670801854e-05
xiong,1.2926925670801854e-05
significantly,1.2926925670801854e-05
june,1.2926925670801854e-05
drops,1.2926925670801854e-05
july,1.2926925670801854e-05
single,1.2926925670801854e-05
third,1.2926925670801854e-05
those,1.2926925670801854e-05
variations,1.2926925670801854e-05
widely,1.2926925670801854e-05
solve,1.2926925670801854e-05
details,1.2926925670801854e-05
www,1.2926925670801854e-05
formed,1.2926925670801854e-05
detailed,1.2926925670801854e-05
learned,1.2926925670801854e-05
fit,1.2926925670801854e-05
october,1.2926925670801854e-05
nearby,1.2926925670801854e-05
includes,1.2926925670801854e-05
degree,1.2926925670801854e-05
rest,1.2926925670801854e-05
individuals,1.2926925670801854e-05
chow,1.2926925670801854e-05
acknowledgments,1.2926925670801854e-05
pairwise,1.2926925670801854e-05
under,1.2926925670801854e-05
predictive,1.2926925670801854e-05
huang,1.2926925670801854e-05
variance,1.2926925670801854e-05
incorporates,1.2926925670801854e-05
scaling,1.2926925670801854e-05
th,1.2926925670801854e-05
itself,1.2926925670801854e-05
observed,1.2926925670801854e-05
times,1.2926925670801854e-05
drawbacks,1.2926925670801854e-05
distributions,1.2926925670801854e-05
improves,1.2926925670801854e-05
extremely,1.2926925670801854e-05
separately,1.2926925670801854e-05
describing,1.2926925670801854e-05
yu,1.2926925670801854e-05
advantages,1.2926925670801854e-05
who,1.2926925670801854e-05
noted,1.2926925670801854e-05
gap,1.2926925670801854e-05
reason,1.2926925670801854e-05
unlike,1.2926925670801854e-05
interactions,1.2926925670801854e-05
testing,1.2926925670801854e-05
considers,1.2926925670801854e-05
cf,1.2926925670801854e-05
rec,1.2926925670801854e-05
preserve,1.2926925670801854e-05
ommendation,1.2926925670801854e-05
dean,1.2926925670801854e-05
bigger,1.2926925670801854e-05
off,1.2926925670801854e-05
worth,1.2926925670801854e-05
hence,1.2926925670801854e-05
assigned,1.2926925670801854e-05
inspired,1.2926925670801854e-05
em,1.2926925670801854e-05
yan,1.2926925670801854e-05
procedure,1.2926925670801854e-05
introduced,1.2926925670801854e-05
probably,1.2926925670801854e-05
smith,1.2926925670801854e-05
probabilities,1.2926925670801854e-05
annotation,1.2926925670801854e-05
le,1.2926925670801854e-05
intoaccountlocal,0.0
fchkinu,0.0
gth,0.0
tmf,0.0
albforeverypoi,0.0
tor,0.0
luserwr,0.0
gxtfg,0.0
jrare,0.0
clusters,0.0
ykfwzjrx,0.0
vjwstewijw,0.0
lrzzluserwrzzlpoirzzkr,0.0
belonging,0.0
encourages,0.0
iukwachieves,0.0
luserwrzand,0.0
tx,0.0
ineachiterationthefirststepistheuser,0.0
vuwzfjxtnjztjxtngnpuwpuwis,0.0
ef,0.0
kxzzand,0.0
contextualinformationbetweenusersand,0.0
lapla,0.0
approximation,0.0
luxburg,0.0
greatest,0.0
ences,0.0
co,0.0
kxpk,0.0
derive,0.0
deviation,0.0
lsmrtwith,0.0
xiwand,0.0
rrlsmrtzluserwrzr,0.0
built,0.0
xjkr,0.0
ris,0.0
workisrankedtopaccordingtothelatestsurveyliuet,0.0
dard,0.0
completely,0.0
tand,0.0
ordinates,0.0
dif,0.0
stan,0.0
ferent,0.0
hy,0.0
assumes,0.0
boringpoisratingstoeverypoilrtgaoet,0.0
auxiliary,0.0
stewijwzfchkinp,0.0
xjware,0.0
abdullah,0.0
proximity,0.0
nanyang,0.0
technological,0.0
tencent,0.0
ai,0.0
lab,0.0
artificial,0.0
electronic,0.0
cal,0.0
enumerated,0.0
iwtfchkinu,0.0
hour,0.0
nxand,0.0
zqmrx,0.0
mension,0.0
ujwsstwijw,0.0
sstwijwzfchkinu,0.0
jwkfchkinu,0.0
ery,0.0
stepwhere,0.0
kfchkinu,0.0
ttargzminrzlrtz,0.0
ins,0.0
rt,0.0
althismethodcon,0.0
uiwat,0.0
jrin,0.0
neighbor,0.0
uiware,0.0
lrtzlsmwrtzlnonwrwhere,0.0
closed,0.0
mfbased,0.0
customers,0.0
look,0.0
tfor,0.0
pared,0.0
tegration,0.0
httpsnap,0.0
attracting,0.0
informative,0.0
income,0.0
suggesting,0.0
iwtrnwwhose,0.0
having,0.0
constructed,0.0
zkfwzlnonwmzzlsmrtz,0.0
ev,0.0
wuserwikwexisting,0.0
distribute,0.0
applicationsjenattonet,0.0
regularizerwhich,0.0
guserw,0.0
lasso,0.0
tergthisregularizerisagroup,0.0
clus,0.0
ngwis,0.0
gwzptngwand,0.0
jrzgxrgnxrjgkrgjkx,0.0
jris,0.0
expansion,0.0
ble,0.0
optimal,0.0
tthat,0.0
vjwby,0.0
iwis,0.0
rmzargzminrzlr,0.0
ternating,0.0
tunable,0.0
yzof,0.0
exibly,0.0
rzto,0.0
alkimandxing,0.0
ineachhourofaday,0.0
lo,0.0
assumption,0.0
cian,0.0
lmtat,0.0
lnonwrare,0.0
ta,0.0
works,0.0
comdatasetchallenge,0.0
equivalent,0.0
adding,0.0
authors,0.0
httpswww,0.0
html,0.0
edudatalocgowalla,0.0
stanford,0.0
weighting,0.0
tkfwrx,0.0
account,0.0
initialize,0.0
common,0.0
estimation,0.0
among,0.0
respect,0.0
beginning,0.0
might,0.0
placeholder,0.0
tackle,0.0
net,0.0
kth,0.0
operator,0.0
control,0.0
gpoiwdefined,0.0
interesting,0.0
preliminaries,0.0
explicit,0.0
squared,0.0
understand,0.0
direction,0.0
datasetcontains,0.0
serves,0.0
pa,0.0
adjusted,0.0
challenging,0.0
rated,0.0
wide,0.0
focuses,0.0
baseline,0.0
initialized,0.0
focus,0.0
outperform,0.0
done,0.0
formulate,0.0
tested,0.0
historical,0.0
until,0.0
entries,0.0
round,0.0
def,0.0
socialnetworkthedatasetcontains,0.0
theyelp,0.0
datasetcontainscheckinsof,0.0
rrlsmrt,0.0
weusetwodatasetsgowalla,0.0
albletmzszthenmmgjwzgjkzgjkgkzgjk,0.0
ablefollowingthederivationinliuet,0.0
zkfwzlnonwm,0.0
recommendationmethodsthegowalla,0.0
szzargzminmzqmrzargzminmzkm,0.0
projection,0.0
kzgjktxgxzotherwise,0.0
andyelptoevaluatethepoi,0.0
empirically,0.0
intelligence,0.0
vjwrespectively,0.0
poiwis,0.0
unobserved,0.0
clear,0.0
kxrecommendations,0.0
constrain,0.0
kxpois,0.0
ruiukw,0.0
alfollowingthesameargumentinliuet,0.0
vjwthrough,0.0
kolaret,0.0
lpoirand,0.0
sgewzrsgewijwrijnw,0.0
categorize,0.0
spoiwzpoiwzstesgewzpoiw,0.0
ykfwto,0.0
lmttxzkm,0.0
iwkkfchkinu,0.0
iwkkfchkinp,0.0
gpoiwas,0.0
spoi,0.0
alternatingoptimization,0.0
targzminrzlrtz,0.0
ttyz,0.0
carried,0.0
jwkfchkinp,0.0
stewzrstewijwrijnw,0.0
iukwtvuwbe,0.0
taylor,0.0
setup,0.0
partitioned,0.0
rcenter,0.0
iterations,0.0
recall,0.0
focuse,0.0
cause,0.0
fpeng,0.0
guserwand,0.0
iteration,0.0
geo,0.0
kxi,0.0
ings,0.0
pfm,0.0
yun,0.0
fac,0.0
szzis,0.0
fxon,0.0
quadratic,0.0
larization,0.0
regu,0.0
build,0.0
pkuwzfiuiuxxxxiukwg,0.0
ence,0.0
ratio,0.0
kde,0.0
inte,0.0
toh,0.0
convex,0.0
lsmwrtand,0.0
liuet,0.0
constrains,0.0
precision,0.0
smooth,0.0
von,0.0
impose,0.0
simplicity,0.0
constructing,0.0
transformer,0.0
ally,0.0
temporal,0.0
summarized,0.0
experimental,0.0
helpful,0.0
dation,0.0
recommen,0.0
larger,0.0
rate,0.0
corresponding,0.0
cosine,0.0
leaveoneout,0.0
version,0.0
implement,0.0
dimensions,0.0
edge,0.0
different,0.0
dub,0.0
own,0.0
board,0.0
evaluate,0.0
algorithms,0.0
million,0.0
pre,0.0
neighborhood,0.0
optimizing,0.0
hyperparameters,0.0
investigate,0.0
xie,0.0
end,0.0
evaluation,0.0
achieve,0.0
around,0.0
directly,0.0
cheng,0.0
cases,0.0
sun,0.0
aspects,0.0
gao,0.0
liu,0.0
clustering,0.0
protocols,0.0
heldout,0.0
continuous,0.0
likely,0.0
out,0.0
sampled,0.0
another,0.0
instance,0.0
attention,0.0
moreover,0.0
considering,0.0
label,0.0
lot,0.0
remaining,0.0
must,0.0
embeddings,0.0
wu,0.0
share,0.0
kernel,0.0
pattern,0.0
slightly,0.0
curious,0.0
future,0.0
allows,0.0
train,0.0
due,0.0
review,0.0
nding,0.0
owing,0.0
reinforce,0.0
starts,0.0
discussed,0.0
verify,0.0
insufcien,0.0
improvemen,0.0
encouraging,0.0
learns,0.0
design,0.0
even,0.0
observations,0.0
achieved,0.0
total,0.0
extended,0.0
network,0.0
split,0.0
backpropagation,0.0
global,0.0
position,0.0
relationship,0.0
comparison,0.0
equal,0.0
relative,0.0
zhou,0.0
ma,0.0
lian,0.0
regularization,0.0
text,0.0
graph,0.0
base,0.0
li,0.0
technology,0.0
reported,0.0
parts,0.0
obtain,0.0
advances,0.0
metrics,0.0
recommended,0.0
these,0.0
algorithm,0.0
time,0.0
increase,0.0
regions,0.0
lack,0.0
efficiently,0.0
together,0.0
form,0.0
specific,0.0
according,0.0
computed,0.0
once,0.0
values,0.0
weighted,0.0
distance,0.0
sum,0.0
get,0.0
final,0.0
contrast,0.0
several,0.0
divide,0.0
performs,0.0
sequential,0.0
ieee,0.0
human,0.0
wang,0.0
test,0.0
recommendations,0.0
stochastic,0.0
convergence,0.0
fast,0.0
found,0.0
early,0.0
per,0.0
pair,0.0
tasks,0.0
compute,0.0
hours,0.0
steps,0.0
take,0.0
effect,0.0
change,0.0
knowledge,0.0
four,0.0
strong,0.0
gain,0.0
highly,0.0
sparsity,0.0
zheng,0.0
transactions,0.0
semantic,0.0
relationships,0.0
geographical,0.0
chen,0.0
pages,0.0
integrated,0.0
entities,0.0
recommend,0.0
solved,0.0
he,0.0
presented,0.0
derivativ,0.0
resul,0.0
components,0.0
performed,0.0
handle,0.0
second,0.0
higher,0.0
ones,0.0
dimension,0.0
factors,0.0
settings,0.0
clearly,0.0
now,0.0
representation,0.0
last,0.0
follow,0.0
context,0.0
connected,0.0
fully,0.0
embedding,0.0
encoding,0.0
consists,0.0
objective,0.0
places,0.0
topic,0.0
approach,0.0
national,0.0
past,0.0
shared,0.0
user,0.0
foundation,0.0
described,0.0
items,0.0
usa,0.0
social,0.0
china,0.0
years,0.0
networks,0.0
computer,0.0
language,0.0
processing,0.0
preference,0.0
may,0.0
output,0.0
full,0.0
input,0.0
help,0.0
recommendation,0.0
employed,0.0
although,0.0
improve,0.0
further,0.0
descent,0.0
usually,0.0
easy,0.0
conclusion,0.0
property,0.0
exploring,0.0
ncf,0.0
mlp,0.0
ways,0.0
limited,0.0
study,0.0
extend,0.0
order,0.0
space,0.0
vector,0.0
represent,0.0
estimate,0.0
probabilistic,0.0
machine,0.0
generally,0.0
rating,0.0
since,0.0
prediction,0.0
seems,0.0
here,0.0
denote,0.0
let,0.0
solution,0.0
approaches,0.0
high,0.0
contributions,0.0
main,0.0
how,0.0
de,0.0
just,0.0
represented,0.0
dicult,0.0
advantag,0.0
save,0.0
properly,0.0
pin,0.0
repor,0.0
aggressively,0.0
adapt,0.0
nonconvexity,0.0
importan,0.0
gradientbased,0.0
dierence,0.0
lossiterationmovielensgmfmlpneumf,0.0
betters,0.0
wmfs,0.0
pinned,0.0
ning,0.0
mcinerney,0.0
discounted,0.0
tresp,0.0
learner,0.0
venkatesh,0.0
ters,0.0
feeding,0.0
ltered,0.0
retained,0.0
marginalized,0.0
pins,0.0
charlin,0.0
subset,0.0
uence,0.0
locallyoptimal,0.0
tailored,0.0
rankingaware,0.0
relieves,0.0
gabrilovich,0.0
recommendin,0.0
pain,0.0
contextual,0.0
strub,0.0
worst,0.0
wmf,0.0
benchmark,0.0
product,0.0
similarly,0.0
empirical,0.0
shows,0.0
using,0.0
systems,0.0
less,0.0
develop,0.0
like,0.0
does,0.0
interest,0.0
tally,0.0
scores,0.0
generated,0.0
utilize,0.0
description,0.0
problem,0.0
case,0.0
learn,0.0
result,0.0
datasets,0.0
factorization,0.0
framework,0.0
supported,0.0
baselines,0.0
ranks,0.0
truncated,0.0
assigning,0.0
murphy,0.0
measures,0.0
nickel,0.0
uniformweighting,0.0
nal,0.0
possible,0.0
sparse,0.0
loss,0.0
makes,0.0
denotes,0.0
applied,0.0
users,0.0
present,0.0
contribution,0.0
additional,0.0
gener,0.0
alsplitsthewholespaceintodifferentregionsand,0.0
ratings,0.0
fchkinp,0.0
iwtrthat,0.0
oftimesapoiviwisvisitedbyall,0.0
hadamard,0.0
alathisapproachmod,0.0
exten,0.0
rixrixxxxrin,0.0
valued,0.0
dtwe,0.0
fxzvttrtbe,0.0
wd,0.0
lzziz,0.0
vtzfxxxxxjvjgis,0.0
wijwdenotes,0.0
dxzfuxvjuxtuxvxtvg,0.0
diago,0.0
supervised,0.0
relations,0.0
edu,0.0
groups,0.0
term,0.0
mation,0.0
userwis,0.0
utilizes,0.0
lpoi,0.0
increasingly,0.0
solving,0.0
iwtfchkinp,0.0
geographically,0.0
suserwzuserwzssrsstwzuserw,0.0
undirected,0.0
indices,0.0
difference,0.0
temporary,0.0
utilization,0.0
history,0.0
lrt,0.0
put,0.0
dxserves,0.0
ptwewuwdenote,0.0
asmoothing,0.0
match,0.0
gpoi,0.0
wpoi,0.0
dpoiwand,0.0
laplacianregularizationongpoiwfor,0.0
uiwislpoirizrilpoirisameasineqitspoibased,0.0
laplacianregularizationtermfor,0.0
explic,0.0
ptwewuw,0.0
tuples,0.0
uxuxtu,0.0
wuserwzrwuserwijwrijmw,0.0
diag,0.0
gxbe,0.0
iwand,0.0
uixvjztd,0.0
dxdxxxxdjvj,0.0
tory,0.0
his,0.0
terpart,0.0
coun,0.0
contextthepoibasedglobalcontex,0.0
poisandhaveluserwrznxrjluserwrjztracerluserwrx,0.0
dices,0.0
regional,0.0
introduces,0.0
uxzfuxuxxxxumgbe,0.0
vxzfvxvxxxxvngbe,0.0
puwbe,0.0
uxin,0.0
overlap,0.0
puwand,0.0
dzof,0.0
ixand,0.0
prefer,0.0
wijwzwjiw,0.0
wis,0.0
uixvjtdxand,0.0
islpoirzmxrilpoiriztracerlpoirx,0.0
wesumallthenormalizedgraphlaplacianregularizationofrongraphguserwfor,0.0
infor,0.0
ssrwis,0.0
oped,0.0
usg,0.0
caser,0.0
symmetric,0.0
construction,0.0
knn,0.0
xis,0.0
com,0.0
transaction,0.0
geopfm,0.0
guserwis,0.0
accelerated,0.0
spectral,0.0
mgmpfm,0.0
lfbca,0.0
luserw,0.0
lar,0.0
uiwand,0.0
levels,0.0
alternating,0.0
performances,0.0
optimiza,0.0
ssrwijwzzif,0.0
spatialtemporal,0.0
utilized,0.0
optimize,0.0
extensible,0.0
cluster,0.0
opti,0.0
suppose,0.0
pfmbased,0.0
td,0.0
grate,0.0
yijwzif,0.0
feature,0.0
gaussian,0.0
encourage,0.0
graphical,0.0
subsequently,0.0
torsgeopfm,0.0
sgewijwzexpzr,0.0
regularizers,0.0
rat,0.0
ujwhave,0.0
gpoiwis,0.0
assumptions,0.0
op,0.0
periods,0.0
close,0.0
neigh,0.0
larity,0.0
sstwrsstwijwrijmw,0.0
dient,0.0
sumptions,0.0
ity,0.0
subfield,0.0
suserw,0.0
knearest,0.0
gra,0.0
guserwas,0.0
theydo,0.0
krz,0.0
differ,0.0
userbased,0.0
simi,0.0
contex,0.0
proximal,0.0
igslr,0.0
gxis,0.0
viwand,0.0
similarity,0.0
laplacian,0.0
regularizer,0.0
poibased,0.0
geographic,0.0
tual,0.0
proceedingsofthetwentyninthinternationaljointconferenceonartificialintelligenceijcai,0.0
yelp,0.0
explicitly,0.0
group,0.0
jwkx,0.0
irenmf,0.0
apg,0.0
construct,0.0
convenience,0.0
lize,0.0
typical,0.0
althismethodlearnsfourkindsoflatentfactors,0.0
inferior,0.0
tit,0.0
highperforance,0.0
trends,0.0
rameter,0.0
contexual,0.0
userwwuserwd,0.0
affects,0.0
boringpoisweightedbytheirsimilaritygeomf,0.0
lf,0.0
meth,0.0
mxand,0.0
devel,0.0
trkjpduserwkwx,0.0
luserwrjzmxrimxrkwuserwikwrrijpduserwiw,0.0
postponed,0.0
duserwzdiagduserwxduserwxxxxduserwmwz,0.0
luserwziz,0.0
odsexploittheuserbasedcontextinrankgeofmliet,0.0
decompose,0.0
poiwt,0.0
els,0.0
assump,0.0
exist,0.0
counterpart,0.0
formulations,0.0
ucf,0.0
putting,0.0
alwuet,0.0
specially,0.0
aims,0.0
terested,0.0
ycorresponding,0.0
dicted,0.0
ers,0.0
xtzand,0.0
userwt,0.0
tangandwangthismethodappliesdeep,0.0
skewed,0.0
userw,0.0
rgj,0.0
degradation,0.0
tovisitapoigiventheirlivingregionigslr,0.0
possibly,0.0
timal,0.0
shopkeepers,0.0
zand,0.0
mized,0.0
ues,0.0
val,0.0
friendship,0.0
multi,0.0
rztrmn,0.0
predicts,0.0
suggest,0.0
althismethoduses,0.0
vacations,0.0
chenget,0.0
insmgmpfm,0.0
applying,0.0
available,0.0
residences,0.0
adjusting,0.0
estimated,0.0
center,0.0
rijwrepresents,0.0
uiwon,0.0
regularizationofrzonguserwfor,0.0
vjwasluserwrjzrjluserwrjwhereindicatestakingall,0.0
rowcolumn,0.0
ized,0.0
puwpuwtrpuwzthat,0.0
wuserw,0.0
lrjz,0.0
wanget,0.0
mization,0.0
zzand,0.0
unfamiliar,0.0
seriously,0.0
enjoy,0.0
rapidly,0.0
alb,0.0
spend,0.0
outper,0.0
curacy,0.0
stephenliuntu,0.0
func,0.0
rijwin,0.0
rzrepresents,0.0
fi,0.0
fhaowang,0.0
tween,0.0
ac,0.0
bassumes,0.0
sa,0.0
wangyandshuo,0.0
ligkaust,0.0
lihao,0.0
zhaojing,0.0
liupeilin,0.0
liyong,0.0
hanzhongxiao,0.0
contextualized,0.0
hot,0.0
rztrmnwby,0.0
predict,0.0
fvzfxfxxxxxfxjvjis,0.0
lfwzfvlfvz,0.0
ular,0.0
phdghotmail,0.0
jingli,0.0
fpeilinzhao,0.0
sg,0.0
shangyuniversity,0.0
han,0.0
inferred,0.0
rzand,0.0
nally,0.0
toincorporatetheuserbased,0.0
partic,0.0
ship,0.0
shangggmail,0.0
guserwbe,0.0
wuserwijwis,0.0
uiwover,0.0
differentassumptionsforexampleirenmfliuet,0.0
entity,0.0
shed,0.0
influ,0.0
distances,0.0
poisandagivennewpoiirenmf,0.0
pref,0.0
althismethodalso,0.0
zhanget,0.0
cific,0.0
lregularized,0.0
entedgeslore,0.0
althismethodbuildsagraphto,0.0
uti,0.0
wzzwijijjvj,0.0
already,0.0
erence,0.0
fectivelyutilizeglobal,0.0
contextinformationbetweenusersor,0.0
bca,0.0
sameastheobservationinliuet,0.0
albatoostrong,0.0
regularizations,0.0
spe,0.0
foun,0.0
spots,0.0
ploy,0.0
zhongxiao,0.0
paperjedi,0.0
stateofthe,0.0
sys,0.0
temyanget,0.0
alliuet,0.0
money,0.0
store,0.0
sider,0.0
observation,0.0
itly,0.0
sibility,0.0
dxis,0.0
light,0.0
areas,0.0
density,0.0
trix,0.0
learnin,0.0
sim,0.0
birch,0.0
krizhevsky,0.0
outrageously,0.0
christopher,0.0
ruslan,0.0
sainbayar,0.0
hieu,0.0
selfattentive,0.0
sukhbaatar,0.0
szlam,0.0
mirhoseini,0.0
pham,0.0
marcinkiewicz,0.0
statistical,0.0
beatrice,0.0
mark,0.0
francois,0.0
azalia,0.0
charniak,0.0
xiang,0.0
active,0.0
press,0.0
koo,0.0
ca,0.0
arthur,0.0
krzysztof,0.0
johnson,0.0
corpus,0.0
schwenk,0.0
limits,0.0
xception,0.0
parikh,0.0
caiming,0.0
maziarz,0.0
annotated,0.0
nitish,0.0
mitchell,0.0
marcus,0.0
mixtureofexperts,0.0
wolf,0.0
lior,0.0
compact,0.0
eugene,0.0
klein,0.0
dan,0.0
goals,0.0
barrett,0.0
ankur,0.0
leon,0.0
slav,0.0
reinforced,0.0
santorini,0.0
xuguang,0.0
aaron,0.0
isolated,0.0
gehring,0.0
block,0.0
bart,0.0
paolo,0.0
behaviour,0.0
numerous,0.0
auli,0.0
michael,0.0
viewed,0.0
dauphin,0.0
glehre,0.0
jozefowicz,0.0
avaswanigooglecom,0.0
uszgooglecom,0.0
aglar,0.0
grangier,0.0
proc,0.0
yarats,0.0
adhiguna,0.0
nikipgooglecom,0.0
noamgooglecom,0.0
lapata,0.0
miguel,0.0
efforts,0.0
color,0.0
tree,0.0
give,0.0
lukaszkaisergooglecom,0.0
jones,0.0
jian,0.0
shaoqing,0.0
xiangyu,0.0
kaiming,0.0
boundaries,0.0
aidancstorontoedu,0.0
lliongooglecom,0.0
vaswani,0.0
chris,0.0
cscl,0.0
dong,0.0
kuncoro,0.0
colors,0.0
frasconi,0.0
jonas,0.0
continued,0.0
merrienboer,0.0
sharp,0.0
memorynetworks,0.0
anaphora,0.0
apparently,0.0
koray,0.0
simonyan,0.0
sine,0.0
compares,0.0
floating,0.0
multiplying,0.0
minute,0.0
concatenated,0.0
again,0.0
moe,0.0
rob,0.0
mo,0.0
resulting,0.0
layernormx,0.0
multiply,0.0
produce,0.0
desiderata,0.0
hypothesized,0.0
respective,0.0
connects,0.0
penalty,0.0
eposk,0.0
shorter,0.0
traverse,0.0
backward,0.0
perlayer,0.0
parallelized,0.0
vv,0.0
summarizes,0.0
comprehension,0.0
zhouhan,0.0
frequencies,0.0
dilated,0.0
batched,0.0
kernels,0.0
push,0.0
sinposidmodel,0.0
cosposidmodel,0.0
centered,0.0
leftward,0.0
absolute,0.0
executed,0.0
attending,0.0
entailment,0.0
kuchaiev,0.0
wojna,0.0
oleksii,0.0
diederik,0.0
connection,0.0
rush,0.0
boris,0.0
dvdimensional,0.0
flops,0.0
rethinking,0.0
qiki,0.0
inserts,0.0
tckstrm,0.0
depthwise,0.0
foreign,0.0
denton,0.0
carl,0.0
kim,0.0
yoon,0.0
kavukcuoglu,0.0
junyoung,0.0
norouzi,0.0
mohammad,0.0
paulus,0.0
bowen,0.0
jason,0.0
rico,0.0
sennrich,0.0
decomposable,0.0
barry,0.0
haddow,0.0
alexandra,0.0
chollet,0.0
hoang,0.0
rare,0.0
das,0.0
dipanjan,0.0
zhifeng,0.0
ying,0.0
zi,0.0
jie,0.0
xi,0.0
relating,0.0
variablelength,0.0
encountered,0.0
extrapolate,0.0
halves,0.0
modify,0.0
produced,0.0
terminate,0.0
taskindependent,0.0
modalities,0.0
modelsdescribed,0.0
generation,0.0
bing,0.0
wolfgang,0.0
maxim,0.0
krikun,0.0
samy,0.0
klaus,0.0
googles,0.0
oscar,0.0
bridging,0.0
gomez,0.0
denis,0.0
davis,0.0
qin,0.0
followed,0.0
signals,0.0
adam,0.0
being,0.0
mean,0.0
experimented,0.0
building,0.0
mary,0.0
multitask,0.0
random,0.0
performing,0.0
van,0.0
ba,0.0
projected,0.0
search,0.0
zn,0.0
journal,0.0
competitive,0.0
pointwise,0.0
mapping,0.0
autoregressive,0.0
abstractive,0.0
ht,0.0
why,0.0
recognition,0.0
particular,0.0
iclr,0.0
versions,0.0
polosukhin,0.0
include,0.0
dispensing,0.0
parameterfree,0.0
beach,0.0
became,0.0
ofir,0.0
albutilizessimilaritybetweendifferentpoisbased,0.0
person,0.0
sparselygated,0.0
ann,0.0
establishes,0.0
capacity,0.0
aligning,0.0
accelerating,0.0
twelve,0.0
encoded,0.0
appear,0.0
httpsgithubcom,0.0
eschewing,0.0
conjunction,0.0
jingbo,0.0
floatingpoint,0.0
published,0.0
amount,0.0
andy,0.0
measured,0.0
thereafter,0.0
averaged,0.0
manning,0.0
decreasing,0.0
stacked,0.0
oord,0.0
forward,0.0
den,0.0
constraint,0.0
determining,0.0
project,0.0
socher,0.0
ours,0.0
type,0.0
superior,0.0
designing,0.0
multiplication,0.0
outperforming,0.0
original,0.0
containing,0.0
easier,0.0
tuned,0.0
associates,0.0
vincent,0.0
little,0.0
nips,0.0
image,0.0
practice,0.0
literature,0.0
matrices,0.0
vision,0.0
smoothing,0.0
inputs,0.0
salakhutdinov,0.0
comments,0.0
improvements,0.0
activation,0.0
known,0.0
relu,0.0
generalize,0.0
compared,0.0
obtained,0.0
limit,0.0
nature,0.0
idea,0.0
answering,0.0
worse,0.0
maps,0.0
allowing,0.0
images,0.0
illiapolosukhingmailcom,0.0
grateful,0.0
albeit,0.0
parmar,0.0
thibaux,0.0
makingmore,0.0
remains,0.0
holger,0.0
subword,0.0
ryan,0.0
dependency,0.0
wei,0.0
verb,0.0
shiftreduce,0.0
itisinthisspiritthatamajorityofamericangovernmentshavepassednewlawssincemakingtheregistrationorvotingprocessmoredifficult,0.0
annotations,0.0
volume,0.0
jamie,0.0
lei,0.0
togerman,0.0
unchanged,0.0
caglar,0.0
increased,0.0
zwork,0.0
logarithmically,0.0
ywork,0.0
gouws,0.0
richard,0.0
yann,0.0
solely,0.0
jeff,0.0
karen,0.0
espeholt,0.0
lasse,0.0
attentionweighted,0.0
mirella,0.0
noah,0.0
fastforward,0.0
longterm,0.0
fethi,0.0
longdistance,0.0
constituent,0.0
rafal,0.0
difficulteospadpadpadpadpadpad,0.0
itisinthisspiritthatamajorityofamericangovernmentshavepassednewlawssincemakingtheregistrationorvotingprocessmore,0.0
zhongqiang,0.0
eospadpadpadpadpadpad,0.0
bougares,0.0
toronto,0.0
muhua,0.0
yue,0.0
wenliang,0.0
pcfg,0.0
papers,0.0
responsible,0.0
surprisingly,0.0
syntactic,0.0
grows,0.0
inherently,0.0
alexander,0.0
precludes,0.0
dzmitry,0.0
kiros,0.0
gulcehre,0.0
requiring,0.0
parallelizable,0.0
integral,0.0
nets,0.0
relate,0.0
fruitful,0.0
massively,0.0
singlemodel,0.0
languages,0.0
established,0.0
acknowledgements,0.0
firmly,0.0
detail,0.0
started,0.0
listing,0.0
crucially,0.0
stephan,0.0
states,0.0
generate,0.0
bahdanau,0.0
inspiration,0.0
behavior,0.0
spent,0.0
implementing,0.0
earlier,0.0
completing,0.0
difficulty,0.0
greatly,0.0
compelling,0.0
motivating,0.0
corrections,0.0
goldie,0.0
chung,0.0
anna,0.0
britz,0.0
denny,0.0
ensures,0.0
translate,0.0
remained,0.0
align,0.0
intraattention,0.0
sometimes,0.0
few,0.0
longest,0.0
considerably,0.0
srivastava,0.0
quality,0.0
singlehead,0.0
eposi,0.0
accurate,0.0
naacl,0.0
symbols,0.0
distant,0.0
sepp,0.0
linguistics,0.0
approximately,0.0
mike,0.0
batching,0.0
annual,0.0
jimmy,0.0
successfully,0.0
resolution,0.0
aligned,0.0
beneficial,0.0
masking,0.0
offset,0.0
grammar,0.0
aidan,0.0
jrgen,0.0
tensortensor,0.0
gated,0.0
proceedings,0.0
eight,0.0
during,0.0
reduced,0.0
involved,0.0
warmupsteps,0.0
fraction,0.0
codebase,0.0
newstest,0.0
shazeer,0.0
composed,0.0
bytenet,0.0
bytepair,0.0
pdrop,0.0
head,0.0
lengths,0.0
stacks,0.0
symbol,0.0
architecture,0.0
residual,0.0
instead,0.0
bengio,0.0
pairs,0.0
feedforward,0.0
architectures,0.0
hidden,0.0
endtoend,0.0
kalchbrenner,0.0
inference,0.0
david,0.0
posunk,0.0
difficult,0.0
yielding,0.0
dev,0.0
hochreiter,0.0
structured,0.0
romain,0.0
projections,0.0
minimum,0.0
countless,0.0
optimizer,0.0
rl,0.0
ashish,0.0
schmidhuber,0.0
constraints,0.0
convert,0.0
counteract,0.0
selftraining,0.0
gpu,0.0
transformation,0.0
mcclosky,0.0
harper,0.0
august,0.0
deepatt,0.0
illia,0.0
checkpoints,0.0
enfr,0.0
costs,0.0
ologkn,0.0
meeting,0.0
ls,0.0
englishfrench,0.0
fixed,0.0
rnns,0.0
source,0.0
took,0.0
seconds,0.0
yonghui,0.0
connect,0.0
xn,0.0
overfitting,0.0
problems,0.0
replace,0.0
onr,0.0
generalizes,0.0
consisting,0.0
chose,0.0
rdmodeldk,0.0
uszkoreit,0.0
hurts,0.0
constant,0.0
cho,0.0
benefit,0.0
dot,0.0
dropout,0.0
inputinput,0.0
sentence,0.0
queries,0.0
memory,0.0
preprint,0.0
length,0.0
abs,0.0
identical,0.0
gpus,0.0
englishtogerman,0.0
sublayers,0.0
english,0.0
mechanisms,0.0
mechanism,0.0
acl,0.0
vinyals,0.0
convolutions,0.0
encoderdecoder,0.0
sublayer,0.0
attend,0.0
corr,0.0
parsing,0.0
computational,0.0
kaiser,0.0
softmax,0.0
computation,0.0
translation,0.0
encoder,0.0
recurrent,0.0
decoder,0.0
layer,0.0
dk,0.0
arxiv,0.0
thelawwillneverbeperfectbutitsapplicationshouldbejustthisiswhatwearemissinginmyopinioneospad,0.0
heads,0.0
wsj,0.0
bleu,0.0
positional,0.0
layers,0.0
positions,0.0
dependencies,0.0
dotproduct,0.0
multihead,0.0
transduction,0.0
keys,0.0
tokens,0.0
wmt,0.0
dmodel,0.0
operations,0.0
scaled,0.0
maximum,0.0
dyer,0.0
big,0.0
trained,0.0
google,0.0
conference,0.0
semisupervised,0.0
kyunghyun,0.0
minhthang,0.0
jakob,0.0
ukasz,0.0
paths,0.0
petrov,0.0
oriol,0.0
sequencetosequence,0.0
rnn,0.0
normalization,0.0
convolution,0.0
nearly,0.0
longrange,0.0
prevent,0.0
geoffrey,0.0
longer,0.0
alex,0.0
separable,0.0
shortterm,0.0
convolutional,0.0
compatibility,0.0
yoshua,0.0
attentions,0.0
were,0.0
luong,0.0
sequences,0.0
englishtofrench,0.0
stack,0.0
beam,0.0
path,0.0
quoc,0.0
discriminative,0.0
connections,0.0
noam,0.0
dimensionality,0.0
convss,0.0
recurrence,0.0
examples,0.0
employ,0.0
encodings,0.0
brain,0.0
ilya,0.0
constituency,0.0
entirely,0.0
zhu,0.0
parallel,0.0
grammars,0.0
transformations,0.0
parallelization,0.0
multiheaded,0.0
excited,0.0
attentionbased,0.0
ym,0.0
expected,0.0
sophisticated,0.0
pushing,0.0
params,0.0
sinusoids,0.0
formula,0.0
lstm,0.0
jonathon,0.0
identically,0.0
theoretical,0.0
epos,0.0
scale,0.0
corpora,0.0
berkleyparser,0.0
highconfidence,0.0
suggests,0.0
magnitude,0.0
grow,0.0
qkt,0.0
attentionq,0.0
former,0.0
keyvalue,0.0
spaceefficient,0.0
berkeley,0.0
ppl,0.0
ioffe,0.0
vanhoucke,0.0
sergey,0.0
generates,0.0
avoiding,0.0
multiplicative,0.0
motivate,0.0
sections,0.0
subject,0.0
simplelanguage,0.0
attain,0.0
smalldata,0.0
regimes,0.0
wall,0.0
street,0.0
portion,0.0
rates,0.0
translations,0.0
call,0.0
taskspecific,0.0
exception,0.0
running,0.0
suspect,0.0
dmodeldimensional,0.0
perplexities,0.0
inhibits,0.0
progression,0.0
inside,0.0
correspond,0.0
illegal,0.0
inject,0.0
mimics,0.0
pos,0.0
santos,0.0
approximate,0.0
contiguous,0.0
onk,0.0
surpasses,0.0
doing,0.0
video,0.0
configuration,0.0
establishing,0.0
width,0.0
unsure,0.0
perplexity,0.0
experimentation,0.0
bottoms,0.0
yield,0.0
singleprecision,0.0
subspaces,0.0
multiheadq,0.0
whereas,0.0
concathead,0.0
structural,0.0
subsequent,0.0
consuming,0.0
lrate,0.0
sustained,0.0
course,0.0
contained,0.0
applications,0.0
sinusoid,0.0
hardware,0.0
dmodelh,0.0
schedule,0.0
wavelengths,0.0
rhdv,0.0
nvidia,0.0
ii,0.0
rdmodeldv,0.0
throughout,0.0
attentionqw,0.0
appendix,0.0
headi,0.0
inspect,0.0
headhw,0.0
englishgerman,0.0
bw,0.0
depicted,0.0
visualizations,0.0
lukasz,0.0
reading,0.0
right,0.0
macherey,0.0
summarization,0.0
listed,0.0
required,0.0
ok,0.0
packed,0.0
implemented,0.0
ensembles,0.0
deep,0.0
restricted,0.0
hinton,0.0
products,0.0
outputs,0.0
apply,0.0
faster,0.0
allow,0.0
rows,0.0
addition,0.0
ensemble,0.0
across,0.0
left,0.0
cao,0.0
innerlayer,0.0
gnmt,0.0
graves,0.0
varied,0.0
parser,0.0
schuster,0.0
sublayerx,0.0
niki,0.0
tricks,0.0
relying,0.0
sinusoidal,0.0
row,0.0
phrase,0.0
ende,0.0
flow,0.0
llion,0.0
treebank,0.0
could,0.0
penn,0.0
involving,0.0
wordpiece,0.0
interpretable,0.0
code,0.0
el,0.0
combination,0.0
structure,0.0
simple,0.0
bottom,0.0
art,0.0
fergus,0.0
cortes,0.0
dos,0.0
minwei,0.0
lawrence,0.0
minstepnum,0.0
stepnum,0.0
garnett,0.0
editors,0.0
nogueira,0.0
square,0.0
cicero,0.0
curran,0.0
root,0.0
inc,0.0
zbigniew,0.0
sums,0.0
shlens,0.0
christian,0.0
ginsburg,0.0
nexttoken,0.0
usual,0.0
tests,0.0
regime,0.0
describes,0.0
written,0.0
max,0.0
commonly,0.0
arxivv,0.0
replacing,0.0
linearly,0.0
come,0.0
international,0.0
dff,0.0
presoftmax,0.0
jianpeng,0.0
xw,0.0
perword,0.0
tflops,0.0
df,0.0
ffnx,0.0
pdk,0.0
positionwise,0.0
szegedy,0.0
checkpoint,0.0
ballesteros,0.0
unlisted,0.0
perwordpiece,0.0
vary,0.0
chosen,0.0
tensorflowtensortensor,0.0
geometric,0.0
neighborbased,0.0
tweak,0.0
neumfs,0.0
wellknown,0.0
ob,0.0
ujy,0.0
ect,0.0
ranges,0.0
interpreted,0.0
ui,0.0
level,0.0
bias,0.0
par,0.0
icml,0.0
utility,0.0
videos,0.0
ordinal,0.0
your,0.0
employing,0.0
scarcity,0.0
intentionally,0.0
itemknn,0.0
tanh,0.0
dened,0.0
yuj,0.0
pretraining,0.0
nonlinearity,0.0
inner,0.0
consistent,0.0
improved,0.0
simply,0.0
combines,0.0
denoting,0.0
least,0.0
dene,0.0
nonlinearities,0.0
underperforms,0.0
missing,0.0
my,0.0
pu,0.0
modelling,0.0
interaction,0.0
neumf,0.0
ndcg,0.0
hr,0.0
movielens,0.0
dnns,0.0
bpr,0.0
useritem,0.0
pinterest,0.0
qi,0.0
combine,0.0
musics,0.0
tensor,0.0
adversely,0.0
hurt,0.0
tao,0.0
deeper,0.0
received,0.0
coordinate,0.0
stateofthear,0.0
actually,0.0
proven,0.0
pinteres,0.0
closer,0.0
questions,0.0
bayesian,0.0
necessity,0.0
nonpersonalized,0.0
seen,0.0
fu,0.0
suer,0.0
chai,0.0
guideline,0.0
serve,0.0
tian,0.0
understanding,0.0
worlds,0.0
jective,0.0
luan,0.0
randomly,0.0
dedicated,0.0
performanc,0.0
entry,0.0
multiview,0.0
ndcgk,0.0
what,0.0
instantiations,0.0
concatenate,0.0
evidence,0.0
likelihood,0.0
laten,0.0
slim,0.0
xth,0.0
signal,0.0
karypis,0.0
weak,0.0
topn,0.0
interactio,0.0
pt,0.0
mnih,0.0
uai,0.0
schmidtthieme,0.0
gantner,0.0
freudenthaler,0.0
applies,0.0
eect,0.0
numberofnegativesmovielensneumfgmfmlpbpr,0.0
tanhx,0.0
treatment,0.0
initializations,0.0
hong,0.0
koren,0.0
exible,0.0
ecommerce,0.0
stacking,0.0
neurons,0.0
expressive,0.0
bases,0.0
bl,0.0
useru,0.0
yields,0.0
realworld,0.0
autorec,0.0
scrutiny,0.0
autoencoder,0.0
signicant,0.0
implies,0.0
certain,0.0
linearity,0.0
numberofnegativespinterestneumfgmfmlpbpr,0.0
onehot,0.0
opt,0.0
rescaled,0.0
binarized,0.0
extent,0.0
relevant,0.0
classicationaware,0.0
regression,0.0
customized,0.0
primarily,0.0
extension,0.0
determines,0.0
ratios,0.0
nd,0.0
adopts,0.0
margin,0.0
pathways,0.0
bordes,0.0
gm,0.0
embeddin,0.0
speech,0.0
uniform,0.0
auxiliar,0.0
varying,0.0
lent,0.0
though,0.0
alleviates,0.0
sigmoi,0.0
transforming,0.0
elementwise,0.0
signicantly,0.0
ts,0.0
eals,0.0
mf,0.0
ltering,0.0
kan,0.0
pays,0.0
positive,0.0
instances,0.0
dierent,0.0
rst,0.0
cdae,0.0
autoencoders,0.0
limitation,0.0
machines,0.0
eectiveness,0.0
singapore,0.0
add,0.0
rq,0.0
implicit,0.0
feedback,0.0
qt,0.0
gmf,0.0
factorsmovielensitemknnbprealsgmfmlpneumf,0.0
ecient,0.0
multilayer,0.0
chua,0.0
acoustic,0.0
nonlinear,0.0
resorted,0.0
devised,0.0
shares,0.0
neura,0.0
spirit,0.0
tower,0.0
scoretargettraining,0.0
exibility,0.0
lzl,0.0
pure,0.0
dashed,0.0
jaccard,0.0
rectier,0.0
reranking,0.0
stop,0.0
saturation,0.0
yui,0.0
denoising,0.0
perceptron,0.0
identity,0.0
binary,0.0
rendle,0.0
whether,0.0
pioneer,0.0
icd,0.0
insucient,0.0
tzis,0.0
tas,0.0
tgenerally,0.0
complete,0.0
kxrk,0.0
rto,0.0
tin,0.0
stable,0.0
ttkfwin,0.0
lrtand,0.0
vex,0.0
lrtis,0.0
trast,0.0
timized,0.0
thegowalla,0.0
till,0.0
february,0.0
challengeforbothdatasetsadditionalcontex,0.0
zzzrz,0.0
mis,0.0
zgxrgnxrjgkrgjkx,0.0
lnonwrzzgxrgnxrjgkrgjkx,0.0
tkfix,0.0
ted,0.0
regarded,0.0
ini,0.0
kx,0.0
modelin,0.0
mainstream,0.0
twolayer,0.0
app,0.0
componen,0.0
achieving,0.0
rich,0.0
special,0.0
publicized,0.0
liang,0.0
expressiveness,0.0
generalization,0.0
hua,0.0
distinct,0.0
selfattention,0.0
dieren,0.0
twopathway,0.0
intensively,0.0
nie,0.0
entitie,0.0
powerful,0.0
concatenation,0.0
tangent,0.0
forgo,0.0
lnonw,0.0
timizedthesecondstepisthepoi,0.0
chandra,0.0
nonsmooth,0.0
separated,0.0
brid,0.0
diwzpjvjjwij,0.0
oth,0.0
formance,0.0
component,0.0
accessory,0.0
lpoiw,0.0
extensibility,0.0
corre,0.0
sort,0.0
class,0.0
sponding,0.0
lnorm,0.0
siders,0.0
ularizer,0.0
tthe,0.0
neighboring,0.0
reg,0.0
hierarchically,0.0
ilar,0.0
onthegeographicdistanceliuet,0.0
sure,0.0
lsmwand,0.0
tare,0.0
stepwherepoibased,0.0
gen,0.0
rlpoiwziztx,0.0
lrtzzzrlpoirzkr,0.0
termediate,0.0
rafter,0.0
tkfwzjrzrx,0.0
tis,0.0
yzin,0.0
lrtzzzrluserwrzkr,0.0
yeet,0.0
linemethodsusg,0.0
lsmrtzzhtracerluserwrzkr,0.0
tions,0.0
tzx,0.0
eral,0.0
rlrtzrlpoiwzr,0.0
zero,0.0
rep,0.0
resents,0.0
tzxkrrlsmwrtkfw,0.0
intermediate,0.0
fine,0.0
concretely,0.0
lpoirin,0.0
fusion,0.0
anchor,0.0
halving,0.0
stochasti,0.0
anderson,0.0
plausibl,0.0
biologically,0.0
fuse,0.0
mfuservectormfitemlayer,0.0
uiyuimlpuservectormlpwise,0.0
productconcatenationmlploss,0.0
daes,0.0
activations,0.0
nonsaturated,0.0
corrupted,0.0
crossdomain,0.0
positiveonly,0.0
analyz,0.0
restricts,0.0
neuron,0.0
complements,0.0
consistency,0.0
explainable,0.0
readers,0.0
aradhye,0.0
shen,0.0
shaked,0.0
collaborativ,0.0
ispir,0.0
premise,0.0
svd,0.0
variant,0.0
yjp,0.0
logarithm,0.0
xx,0.0
unied,0.0
collobert,0.0
developing,0.0
unifying,0.0
explain,0.0
daebased,0.0
freely,0.0
hypergraph,0.0
sense,0.0
reconstructing,0.0
ax,0.0
aw,0.0
node,0.0
exposure,0.0
bx,0.0
alwl,0.0
wx,0.0
activat,0.0
plugs,0.0
arises,0.0
harmsen,0.0
careful,0.0
koc,0.0
choice,0.0
her,0.0
itempop,0.0
modelbased,0.0
capability,0.0
optimizes,0.0
scratch,0.0
initialization,0.0
illustrates,0.0
classication,0.0
omitted,0.0
factorspinterestitemknnbprealsgmfmlpneumf,0.0
sgd,0.0
uiy,0.0
contentbased,0.0
aout,0.0
widest,0.0
wellsuited,0.0
unsee,0.0
avoid,0.0
turn,0.0
reconstruct,0.0
rbms,0.0
ntn,0.0
benecial,0.0
lp,0.0
blooming,0.0
cross,0.0
realize,0.0
crossentropy,0.0
predicting,0.0
elkahky,0.0
py,0.0
multirelational,0.0
hyperbolic,0.0
zl,0.0
virtual,0.0
formulated,0.0
boltzmann,0.0
combining,0.0
xed,0.0
multimodal,0.0
overtting,0.0
lastly,0.0
icdm,0.0
short,0.0
pretrained,0.0
iterationmovielensgmfmlpneumf,0.0
towards,0.0
neural,0.0
recommendatio,0.0
tialize,0.0
hrk,0.0
promising,0.0
hyperparameter,0.0
modelled,0.0
kkpinterestitempopitemknnbprealsneumf,0.0
closest,0.0
workshop,0.0
judged,0.0
hgm,0.0
mention,0.0
kkmovielensitempopitemknnbprealsneumf,0.0
momentum,0.0
rameters,0.0
schrauwen,0.0
eort,0.0
stackin,0.0
veries,0.0
accounts,0.0
straightforward,0.0
tailor,0.0
personalization,0.0
eective,0.0
alwlalawu,0.0
always,0.0
dieleman,0.0
vanilla,0.0
practical,0.0
empirica,0.0
probit,0.0
unifor,0.0
unsupervised,0.0
manzagol,0.0
courville,0.0
yy,0.0
erhan,0.0
range,0.0
commentbased,0.0
shallow,0.0
hashing,0.0
geng,0.0
reporting,0.0
learners,0.0
facto,0.0
concatenating,0.0
interacted,0.0
mm,0.0
recover,0.0
leave,0.0
hm,0.0
ndings,0.0
phung,0.0
insight,0.0
white,0.0
explanation,0.0
unobserve,0.0
cc,0.0
incur,0.0
pivotal,0.0
era,0.0
minimizin,0.0
abundant,0.0
separate,0.0
optimizin,0.0
normalize,0.0
aect,0.0
trirank,0.0
yakhnenko,0.0
havin,0.0
twoway,0.0
oneclass,0.0
justies,0.0
frequent,0.0
infrequent,0.0
unsuitable,0.0
saving,0.0
overload,0.0
reviewaware,0.0
cvpr,0.0
moving,0.0
named,0.0
solutions,0.0
lines,0.0
argument,0.0
rationality,0.0
specically,0.0
onelayer,0.0
momentumbased,0.0
hapu,0.0
parame,0.0
yeung,0.0
universal,0.0
approximators,0.0
increasingl,0.0
neighbors,0.0
withou,0.0
enforce,0.0
unfortunately,0.0
commons,0.0
creative,0.0
absence,0.0
behaviours,0.0
deemed,0.0
embeddinglayerneuralcflayersoutputlayer,0.0
enhancing,0.0
userlatentvectoritemlayerlayerx,0.0
bian,0.0
naming,0.0
realvalued,0.0
peng,0.0
element,0.0
exploration,0.0
added,0.0
proportionally,0.0
initial,0.0
forms,0.0
combined,0.0
normalized,0.0
measuring,0.0
variables,0.0
lin,0.0
inverse,0.0
intervals,0.0
inception,0.0
background,0.0
place,0.0
hybrid,0.0
popularitybiased,0.0
possibilities,0.0
primaril,0.0
extensively,0.0
interestin,0.0
beforehand,0.0
furthermore,0.0
summed,0.0
wy,0.0
computes,0.0
independent,0.0
question,0.0
despite,0.0
up,0.0
sugiyama,0.0
ability,0.0
batch,0.0
ren,0.0
audio,0.0
regard,0.0
weston,0.0
units,0.0
arbitrary,0.0
complex,0.0
predictions,0.0
illustrate,0.0
kingma,0.0
along,0.0
reach,0.0
keeping,0.0
affecting,0.0
decrease,0.0
individual,0.0
valuabl,0.0
exactly,0.0
iccv,0.0
reviewers,0.0
blei,0.0
suers,0.0
statistically,0.0
completion,0.0
reasoning,0.0
funding,0.0
ttests,0.0
paired,0.0
ng,0.0
onesample,0.0
demonstrates,0.0
accessible,0.0
gure,0.0
admitting,0.0
characteristics,0.0
richer,0.0
anothe,0.0
dubois,0.0
recurren,0.0
ircsg,0.0
glorot,0.0
objectiv,0.0
view,0.0
anonymous,0.0
aoutht,0.0
particularly,0.0
community,0.0
acknowledgement,0.0
nonunifor,0.0
thoughts,0.0
rarely,0.0
wsdm,0.0
garciaduran,0.0
translating,0.0
providing,0.0
clicks,0.0
usunier,0.0
family,0.0
opening,0.0
avenue,0.0
uniformly,0.0
kanagal,0.0
stinchcombe,0.0
bayer,0.0
revision,0.0
aistats,0.0
itemitem,0.0
initiative,0.0
verifying,0.0
id,0.0
maximizes,0.0
tweet,0.0
perth,0.0
menon,0.0
riedl,0.0
httpsgithubcomhexiangnanneural,0.0
keras,0.0
performer,0.0
cumulative,0.0
nonuniformly,0.0
treating,0.0
equatio,0.0
predictiv,0.0
quite,0.0
projects,0.0
konstan,0.0
thank,0.0
hornik,0.0
useriterm,0.0
mutually,0.0
evaluating,0.0
fusing,0.0
oce,0.0
equivalently,0.0
ministers,0.0
paradigm,0.0
shifting,0.0
sedhain,0.0
meets,0.0
genera,0.0
angle,0.0
committee,0.0
devoted,0.0
iwc,0.0
news,0.0
explosion,0.0
estimating,0.0
trivial,0.0
substantially,0.0
estimat,0.0
uuuuiiiiiitemsusers,0.0
ij,0.0
plotted,0.0
supercharge,0.0
conside,0.0
abstracted,0.0
whose,0.0
formally,0.0
expres,0.0
ppppp,0.0
watching,0.0
identifying,0.0
popularized,0.0
keywords,0.0
usefulness,0.0
initializing,0.0
prize,0.0
adaptive,0.0
viewing,0.0
volinsky,0.0
tradeoff,0.0
occurred,0.0
overt,0.0
truyen,0.0
hindered,0.0
figur,0.0
mfs,0.0
emphasize,0.0
sucient,0.0
comple,0.0
poses,0.0
aware,0.0
resolve,0.0
estimates,0.0
likes,0.0
explores,0.0
supports,0.0
factorizatio,0.0
elaboratin,0.0
endow,0.0
fed,0.0
cast,0.0
moment,0.0
sarwar,0.0
expressed,0.0
transformed,0.0
meaning,0.0
underlying,0.0
uiyuipmkpukfigure,0.0
incurring,0.0
extendin,0.0
generality,0.0
coecient,0.0
multifaceted,0.0
groundtruth,0.0
implici,0.0
placing,0.0
followe,0.0
modellin,0.0
options,0.0
parameterize,0.0
propos,0.0
jp,0.0
strive,0.0
mostly,0.0
networkbased,0.0
handcraft,0.0
rmn,0.0
inputlayersparse,0.0
necessarily,0.0
ix,0.0
aug,0.0
sanner,0.0
specialization,0.0
devise,0.0
ru,0.0
sij,0.0
unie,0.0
strengths,0.0
permit,0.0
comes,0.0
descriptions,0.0
highlightin,0.0
recapitulate,0.0
capable,0.0
approximating,0.0
shortly,0.0
marked,0.0
csir,0.0
theme,0.0
noting,0.0
degrades,0.0
keeps,0.0
hanwangzhanggmailcom,0.0
liao,0.0
differenc,0.0
niexia,0.0
indirectly,0.0
kawale,0.0
oers,0.0
ijp,0.0
mimic,0.0
april,0.0
license,0.0
alleviating,0.0
prime,0.0
meet,0.0
recentl,0.0
highlight,0.0
sizes,0.0
determine,0.0
httpgrouplensorgdatasetsmovielensm,0.0
equally,0.0
trainin,0.0
domains,0.0
formalize,0.0
contribute,0.0
httpssitesgooglecomsitexueatalphabeta,0.0
rnk,0.0
jects,0.0
rmk,0.0
academicprojects,0.0
hanwang,0.0
pukqik,0.0
wui,0.0
hucsetamuedu,0.0
nieliqianggmailcom,0.0
satisfaction,0.0
marginbased,0.0
formalizing,0.0
texas,0.0
chuashandong,0.0
ncfs,0.0
immense,0.0
collaborativefiltering,0.0
tu,0.0
ti,0.0
fpvu,0.0
tatseng,0.0
qvi,0.0
xiangnan,0.0
ects,0.0
helizi,0.0
explained,0.0
recommenderpdf,0.0
httpalexsmolaorgteachingberkeleyslides,0.0
success,0.0
clicking,0.0
adapts,0.0
aforementioned,0.0
basis,0.0
dcsctsnusedusg,0.0
outx,0.0
columbia,0.0
central,0.0
lsqr,0.0
tracked,0.0
xiangnanhegmailcom,0.0
liaolizillzgmailcom,0.0
collect,0.0
providers,0.0
ranging,0.0
liqiang,0.0
wuiyui,0.0
fpt,0.0
jrijjrjj,0.0
instantiation,0.0
dense,0.0
promise,0.0
lowest,0.0
vast,0.0
jrijjrj,0.0
yielded,0.0
addresses,0.0
minibatch,0.0
become,-1.0026902535753377e-05
tuning,-1.0026902535753377e-05
describe,-1.0026902535753377e-05
designed,-1.0026902535753377e-05
evaluated,-1.0026902535753377e-05
perform,-1.0026902535753377e-05
local,-1.0026902535753377e-05
assume,-1.0026902535753377e-05
should,-1.0026902535753377e-05
previous,-1.0026902535753377e-05
introduction,-1.0026902535753377e-05
smaller,-1.0026902535753377e-05
standard,-1.0026902535753377e-05
vectors,-1.0026902535753377e-05
task,-1.0026902535753377e-05
target,-1.0026902535753377e-05
parameter,-1.0026902535753377e-05
setting,-1.0026902535753377e-05
size,-1.0026902535753377e-05
discuss,-1.0026902535753377e-05
making,-1.0026902535753377e-05
abstract,-1.0026902535753377e-05
every,-1.0026902535753377e-05
references,-1.0026902535753377e-05
part,-1.0026902535753377e-05
optimized,-1.0026902535753377e-05
better,-1.0026902535753377e-05
step,-2.0053805071506753e-05
contains,-2.0053805071506753e-05
stateoftheart,-2.0053805071506753e-05
able,-2.0053805071506753e-05
after,-2.0053805071506753e-05
no,-2.0053805071506753e-05
improving,-2.0053805071506753e-05
would,-2.0053805071506753e-05
need,-2.0053805071506753e-05
functions,-2.0053805071506753e-05
see,-2.0053805071506753e-05
line,-2.0053805071506753e-05
was,-2.0053805071506753e-05
about,-2.0053805071506753e-05
predicted,-2.0053805071506753e-05
easily,-2.0053805071506753e-05
do,-2.0053805071506753e-05
presents,-2.0053805071506753e-05
uses,-2.0053805071506753e-05
importance,-2.0053805071506753e-05
university,-2.0053805071506753e-05
linear,-2.0053805071506753e-05
top,-3.0080707607260133e-05
any,-3.0080707607260133e-05
achieves,-3.0080707607260133e-05
shown,-3.0080707607260133e-05
gradient,-3.0080707607260133e-05
yuan,-3.0080707607260133e-05
outperforms,-3.0080707607260133e-05
small,-3.0080707607260133e-05
score,-3.0080707607260133e-05
similar,-3.0080707607260133e-05
system,-3.0080707607260133e-05
observe,-3.0080707607260133e-05
point,-3.0080707607260133e-05
key,-3.0080707607260133e-05
textual,-3.0080707607260133e-05
well,-3.0080707607260133e-05
natural,-3.0080707607260133e-05
zhang,-4.0107610143013506e-05
follows,-4.0107610143013506e-05
existing,-4.0107610143013506e-05
make,-4.0107610143013506e-05
including,-4.0107610143013506e-05
terms,-4.0107610143013506e-05
so,-4.0107610143013506e-05
too,-4.0107610143013506e-05
compare,-4.0107610143013506e-05
related,-4.0107610143013506e-05
very,-5.013451267876688e-05
figure,-5.013451267876688e-05
example,-5.013451267876688e-05
three,-5.013451267876688e-05
value,-5.013451267876688e-05
without,-5.013451267876688e-05
parameters,-5.013451267876688e-05
some,-5.013451267876688e-05
factor,-5.013451267876688e-05
note,-5.013451267876688e-05
research,-5.013451267876688e-05
through,-6.0161415214520266e-05
propose,-6.0161415214520266e-05
best,-6.0161415214520266e-05
over,-6.0161415214520266e-05
because,-6.0161415214520266e-05
show,-6.0161415214520266e-05
both,-6.0161415214520266e-05
new,-7.018831775027364e-05
however,-7.018831775027364e-05
function,-7.018831775027364e-05
large,-7.018831775027364e-05
challenges,-7.018831775027364e-05
given,-7.018831775027364e-05
optimization,-7.018831775027364e-05
various,-7.018831775027364e-05
weights,-7.018831775027364e-05
next,-7.018831775027364e-05
before,-7.018831775027364e-05
them,-7.018831775027364e-05
many,-8.021522028602701e-05
they,-8.021522028602701e-05
been,-8.021522028602701e-05
weight,-8.021522028602701e-05
experiments,-8.021522028602701e-05
but,-8.021522028602701e-05
matrix,-8.021522028602701e-05
used,-8.021522028602701e-05
training,-8.021522028602701e-05
when,-8.021522028602701e-05
only,-9.02421228217804e-05
following,-9.02421228217804e-05
respectively,-9.02421228217804e-05
types,-9.02421228217804e-05
same,-9.02421228217804e-05
much,-9.02421228217804e-05
use,-9.02421228217804e-05
paper,-9.02421228217804e-05
while,-0.00010026902535753377
way,-0.00011029592789328715
table,-0.00011029592789328715
recent,-0.00011029592789328715
there,-0.00011029592789328715
its,-0.00011029592789328715
modeling,-0.00012032283042904053
one,-0.00012032283042904053
section,-0.00012032283042904053
above,-0.00012032283042904053
such,-0.00012032283042904053
most,-0.00012032283042904053
models,-0.00012032283042904053
learning,-0.0001303497329647939
will,-0.00014037663550054729
two,-0.00014037663550054729
at,-0.00014037663550054729
et,-0.00015040353803630067
than,-0.00015040353803630067
al,-0.00015040353803630067
also,-0.00015040353803630067
based,-0.00015040353803630067
if,-0.00015040353803630067
results,-0.00016043044057205403
number,-0.00017045734310780744
first,-0.00017045734310780744
between,-0.00017045734310780744
their,-0.00017045734310780744
then,-0.0001804842456435608
have,-0.0001804842456435608
proposed,-0.0001804842456435608
each,-0.0001905111481793142
it,-0.0001905111481793142
or,-0.0001905111481793142
more,-0.00020053805071506753
performance,-0.00020053805071506753
work,-0.00020053805071506753
an,-0.00021056495325082094
methods,-0.00021056495325082094
where,-0.00021056495325082094
data,-0.0002205918557865743
latent,-0.0002205918557865743
has,-0.0002205918557865743
other,-0.00023061875832232768
not,-0.00023061875832232768
all,-0.00023061875832232768
into,-0.00024064566085808107
from,-0.0002606994659295878
method,-0.0002606994659295878
can,-0.00028075327100109457
information,-0.0003108339786083547
set,-0.00032086088114410805
which,-0.00033088778367986143
are,-0.00034091468621561487
be,-0.00034091468621561487
dataset,-0.0003910491988943817
with,-0.00040107610143013506
this,-0.0004211299065016419
by,-0.000451210614108902
our,-0.000531425834394929
that,-0.0005514796394664358
as,-0.0006216679572167094
for,-0.0006417217622882161
model,-0.0006517486648239695
on,-0.0006718024698954763
we,-0.0010728785713256114
is,-0.0012232821093619121
to,-0.0016945465285423207
in,-0.0020855957274367024
and,-0.0026471022694388915
of,-0.0027072636846534118
the,-0.004702617289268333
,-0.0169254114803517
TotalCount,-0.09691001300805639
